ISO-10303-21;
HEADER;
/* Generated by software containing ST-Developer
 * from STEP Tools, Inc. (www.steptools.com) 
 */

FILE_DESCRIPTION(
/* description */ (''),
/* implementation_level */ '2;1');

FILE_NAME(
/* name */ 'buoy version 16.5.4 eyeboltipt v1.step',
/* time_stamp */ '2025-07-04T15:10:36-04:00',
/* author */ (''),
/* organization */ (''),
/* preprocessor_version */ 'ST-DEVELOPER v20.1',
/* originating_system */ 'Autodesk Translation Framework v14.10.0.0',
/* authorisation */ '');

FILE_SCHEMA (('AUTOMOTIVE_DESIGN { 1 0 10303 214 3 1 1 }'));
ENDSEC;

DATA;
#10=MECHANICAL_DESIGN_GEOMETRIC_PRESENTATION_REPRESENTATION('',(#13),#4409);
#11=SHAPE_REPRESENTATION_RELATIONSHIP('SRR','None',#4416,#12);
#12=ADVANCED_BREP_SHAPE_REPRESENTATION('',(#14),#4408);
#13=STYLED_ITEM('',(#4425),#14);
#14=MANIFOLD_SOLID_BREP('Body1',#2483);
#15=ELLIPSE('',#2604,58.8733909854876,30.5);
#16=ELLIPSE('',#2605,30.506715940193,30.5);
#17=ELLIPSE('',#2606,63.3149219061581,30.5);
#18=ELLIPSE('',#2607,58.8733909854876,30.5);
#19=ELLIPSE('',#2608,30.506715940193,30.5);
#20=ELLIPSE('',#2609,63.3149219061581,30.5);
#21=ELLIPSE('',#2682,123.72358510187,59.6);
#22=ELLIPSE('',#2686,123.72358510187,59.6);
#23=ELLIPSE('',#2690,66.2211806166047,31.9);
#24=ELLIPSE('',#2692,123.628171704022,59.6);
#25=ELLIPSE('',#2696,123.628171704023,59.6);
#26=ELLIPSE('',#2703,66.2211806166047,31.9);
#27=ELLIPSE('',#2705,61.5757761454771,31.9);
#28=ELLIPSE('',#2711,61.5757761454772,31.9);
#29=ELLIPSE('',#2713,31.9070242128576,31.9);
#30=ELLIPSE('',#2715,31.9070242128576,31.9);
#31=TOROIDAL_SURFACE('',#2536,59.,2.);
#32=TOROIDAL_SURFACE('',#2541,59.,2.);
#33=TOROIDAL_SURFACE('',#2598,59.,2.);
#34=TOROIDAL_SURFACE('',#2600,32.5,2.);
#35=TOROIDAL_SURFACE('',#2610,59.,2.);
#36=TOROIDAL_SURFACE('',#2612,59.,2.);
#37=TOROIDAL_SURFACE('',#2621,59.,2.);
#38=TOROIDAL_SURFACE('',#2625,59.,2.);
#39=TOROIDAL_SURFACE('',#2629,32.5,2.);
#40=SPHERICAL_SURFACE('',#2523,2.);
#41=SPHERICAL_SURFACE('',#2529,2.);
#42=SPHERICAL_SURFACE('',#2552,2.);
#43=SPHERICAL_SURFACE('',#2558,2.);
#44=SPHERICAL_SURFACE('',#2568,2.);
#45=SPHERICAL_SURFACE('',#2574,2.);
#46=SPHERICAL_SURFACE('',#2580,2.);
#47=SPHERICAL_SURFACE('',#2586,2.);
#48=FACE_BOUND('',#315,.T.);
#49=FACE_BOUND('',#316,.T.);
#50=FACE_BOUND('',#317,.T.);
#51=FACE_BOUND('',#333,.T.);
#52=FACE_BOUND('',#334,.T.);
#53=FACE_BOUND('',#335,.T.);
#54=FACE_BOUND('',#336,.T.);
#55=FACE_BOUND('',#337,.T.);
#56=FACE_BOUND('',#345,.T.);
#57=FACE_BOUND('',#350,.T.);
#58=FACE_BOUND('',#364,.T.);
#59=FACE_BOUND('',#377,.T.);
#60=FACE_BOUND('',#386,.T.);
#61=FACE_BOUND('',#394,.T.);
#62=FACE_BOUND('',#397,.T.);
#63=FACE_BOUND('',#408,.T.);
#64=FACE_BOUND('',#414,.T.);
#65=FACE_BOUND('',#415,.T.);
#66=FACE_BOUND('',#416,.T.);
#67=FACE_BOUND('',#417,.T.);
#68=FACE_BOUND('',#418,.T.);
#69=FACE_BOUND('',#449,.T.);
#70=FACE_BOUND('',#451,.T.);
#71=FACE_BOUND('',#455,.T.);
#72=FACE_BOUND('',#463,.T.);
#73=FACE_BOUND('',#466,.T.);
#74=FACE_BOUND('',#469,.T.);
#75=PLANE('',#2512);
#76=PLANE('',#2513);
#77=PLANE('',#2522);
#78=PLANE('',#2543);
#79=PLANE('',#2565);
#80=PLANE('',#2566);
#81=PLANE('',#2577);
#82=PLANE('',#2589);
#83=PLANE('',#2592);
#84=PLANE('',#2593);
#85=PLANE('',#2616);
#86=PLANE('',#2626);
#87=PLANE('',#2640);
#88=PLANE('',#2642);
#89=PLANE('',#2643);
#90=PLANE('',#2644);
#91=PLANE('',#2645);
#92=PLANE('',#2646);
#93=PLANE('',#2647);
#94=PLANE('',#2648);
#95=PLANE('',#2652);
#96=PLANE('',#2654);
#97=PLANE('',#2657);
#98=PLANE('',#2658);
#99=PLANE('',#2659);
#100=PLANE('',#2660);
#101=PLANE('',#2661);
#102=PLANE('',#2662);
#103=PLANE('',#2663);
#104=PLANE('',#2664);
#105=PLANE('',#2665);
#106=PLANE('',#2666);
#107=PLANE('',#2667);
#108=PLANE('',#2668);
#109=PLANE('',#2675);
#110=PLANE('',#2676);
#111=PLANE('',#2679);
#112=PLANE('',#2680);
#113=PLANE('',#2684);
#114=PLANE('',#2688);
#115=PLANE('',#2689);
#116=PLANE('',#2694);
#117=PLANE('',#2697);
#118=PLANE('',#2698);
#119=PLANE('',#2699);
#120=PLANE('',#2700);
#121=PLANE('',#2701);
#122=PLANE('',#2702);
#123=PLANE('',#2704);
#124=PLANE('',#2709);
#125=PLANE('',#2710);
#126=PLANE('',#2712);
#127=PLANE('',#2714);
#128=PLANE('',#2716);
#129=PLANE('',#2723);
#130=PLANE('',#2724);
#131=PLANE('',#2725);
#132=PLANE('',#2726);
#133=PLANE('',#2730);
#134=PLANE('',#2731);
#135=PLANE('',#2732);
#136=PLANE('',#2733);
#137=PLANE('',#2734);
#138=PLANE('',#2735);
#139=PLANE('',#2736);
#140=PLANE('',#2737);
#141=PLANE('',#2738);
#142=PLANE('',#2739);
#143=PLANE('',#2740);
#144=PLANE('',#2745);
#145=B_SPLINE_CURVE_WITH_KNOTS('',3,(#3504,#3505,#3506,#3507,#3508,#3509),
 .UNSPECIFIED.,.F.,.F.,(4,2,4),(0.821890411274656,0.866448615353716,0.905352797765464),
 .UNSPECIFIED.);
#146=B_SPLINE_CURVE_WITH_KNOTS('',3,(#3515,#3516,#3517,#3518,#3519,#3520,
#3521,#3522,#3523,#3524),.UNSPECIFIED.,.F.,.F.,(4,2,2,2,4),(-0.13619234581503,
-0.0988704926807157,-0.0499562938036262,5.55111512312578E-17,0.000714754724449937),
 .UNSPECIFIED.);
#147=B_SPLINE_CURVE_WITH_KNOTS('',3,(#3592,#3593,#3594,#3595,#3596,#3597,
#3598,#3599),.UNSPECIFIED.,.F.,.F.,(4,2,2,4),(0.0973525448929534,0.116195855406603,
0.159063645933122,0.182584147104876),.UNSPECIFIED.);
#148=B_SPLINE_CURVE_WITH_KNOTS('',3,(#3603,#3604,#3605,#3606,#3607,#3608,
#3609,#3610,#3611,#3612),.UNSPECIFIED.,.F.,.F.,(4,2,2,2,4),(-0.916982697959393,
-0.916142106111372,-0.857390688468013,-0.799864833203241,-0.755972230014452),
 .UNSPECIFIED.);
#149=B_SPLINE_CURVE_WITH_KNOTS('',3,(#3616,#3617,#3618,#3619),
 .UNSPECIFIED.,.F.,.F.,(4,4),(1.12495887614162,1.19746124866241),
 .UNSPECIFIED.);
#150=B_SPLINE_CURVE_WITH_KNOTS('',3,(#3622,#3623,#3624,#3625),
 .UNSPECIFIED.,.F.,.F.,(4,4),(0.,0.0728406080766241),.UNSPECIFIED.);
#151=B_SPLINE_CURVE_WITH_KNOTS('',3,(#3659,#3660,#3661,#3662,#3663,#3664,
#3665,#3666,#3667,#3668,#3669,#3670,#3671,#3672),.UNSPECIFIED.,.F.,.F.,
(4,2,2,2,2,2,4),(-0.000661192363735504,0.,0.0441499993615286,0.0881510090022239,
0.16810503422517,0.245087360070594,0.320636282331329),.UNSPECIFIED.);
#152=B_SPLINE_CURVE_WITH_KNOTS('',3,(#3681,#3682,#3683,#3684,#3685,#3686,
#3687,#3688,#3689,#3690,#3691,#3692,#3693,#3694),.UNSPECIFIED.,.F.,.F.,
(4,2,2,2,2,2,4),(-0.641933756608317,-0.641272564239077,-0.597122564901128,
-0.553121555287513,-0.473167530121625,-0.396185204330028,-0.320636282119357),
 .UNSPECIFIED.);
#153=B_SPLINE_CURVE_WITH_KNOTS('',3,(#3755,#3756,#3757,#3758,#3759,#3760,
#3761,#3762,#3763,#3764),.UNSPECIFIED.,.F.,.F.,(4,2,2,2,4),(0.592641658051114,
0.66666746369023,0.74073025295408,0.814834750204946,0.888969203086939),
 .UNSPECIFIED.);
#154=B_SPLINE_CURVE_WITH_KNOTS('',3,(#3768,#3769,#3770,#3771,#3772,#3773,
#3774,#3775,#3776,#3777),.UNSPECIFIED.,.F.,.F.,(4,2,2,2,4),(0.296314113015289,
0.370448565897283,0.444553063148149,0.518615852411999,0.592641658051115),
 .UNSPECIFIED.);
#155=B_SPLINE_CURVE_WITH_KNOTS('',3,(#3818,#3819,#3820,#3821,#3822,#3823,
#3824,#3825,#3826,#3827,#3828,#3829,#3830,#3831),.UNSPECIFIED.,.F.,.F.,
(4,2,2,2,2,2,4),(-0.000674108241182571,0.,0.0466819027548558,0.0931044413035478,
0.174000932878401,0.250277955049664,0.324376215614813),.UNSPECIFIED.);
#156=B_SPLINE_CURVE_WITH_KNOTS('',3,(#3836,#3837,#3838,#3839,#3840,#3841,
#3842,#3843,#3844,#3845,#3846,#3847,#3848,#3849),.UNSPECIFIED.,.F.,.F.,
(4,2,2,2,2,2,4),(-0.641933756440293,-0.641272564077807,-0.597122564750852,
-0.55312155515113,-0.473167530002785,-0.396185204229185,-0.320636282038821),
 .UNSPECIFIED.);
#157=B_SPLINE_CURVE_WITH_KNOTS('',3,(#3876,#3877,#3878,#3879,#3880,#3881,
#3882,#3883,#3884,#3885,#3886,#3887,#3888,#3889),.UNSPECIFIED.,.F.,.F.,
(4,2,2,2,2,2,4),(-0.649426539463716,-0.648752431223053,-0.602070528468563,
-0.555647989920301,-0.474751498346327,-0.398474476175893,-0.32437621561155),
 .UNSPECIFIED.);
#158=B_SPLINE_CURVE_WITH_KNOTS('',3,(#3893,#3894,#3895,#3896),
 .UNSPECIFIED.,.F.,.F.,(4,4),(1.12462064058579,1.19746124866241),
 .UNSPECIFIED.);
#159=B_SPLINE_CURVE_WITH_KNOTS('',3,(#3899,#3900,#3901,#3902),
 .UNSPECIFIED.,.F.,.F.,(4,4),(0.,0.0725023725209687),.UNSPECIFIED.);
#160=B_SPLINE_CURVE_WITH_KNOTS('',3,(#3914,#3915,#3916,#3917,#3918,#3919,
#3920,#3921,#3922,#3923),.UNSPECIFIED.,.F.,.F.,(4,2,2,2,4),(0.592641658051114,
0.66666746369023,0.74073025295408,0.814834750204946,0.88896920308694),
 .UNSPECIFIED.);
#161=B_SPLINE_CURVE_WITH_KNOTS('',3,(#3956,#3957,#3958,#3959,#3960,#3961,
#3962,#3963,#3964,#3965,#3966,#3967,#3968,#3969),.UNSPECIFIED.,.F.,.F.,
(4,2,2,2,2,2,4),(-0.000674108242792703,0.,0.0466819027833683,0.0931044413675204,
0.174000932985418,0.250277955199314,0.3243762158097),.UNSPECIFIED.);
#162=B_SPLINE_CURVE_WITH_KNOTS('',3,(#3973,#3974,#3975,#3976,#3977,#3978,
#3979,#3980,#3981,#3982,#3983,#3984,#3985,#3986),.UNSPECIFIED.,.F.,.F.,
(4,2,2,2,2,2,4),(-0.649426539833393,-0.64875243158832,-0.602070528806855,
-0.555647990224975,-0.474751498611043,-0.398474476400906,-0.324376215794164),
 .UNSPECIFIED.);
#163=B_SPLINE_CURVE_WITH_KNOTS('',3,(#3989,#3990,#3991,#3992,#3993,#3994,
#3995,#3996,#3997,#3998,#3999,#4000,#4001,#4002),.UNSPECIFIED.,.F.,.F.,
(4,2,2,2,2,2,4),(-0.000661192369229371,0.,0.0441499993359775,0.0881510089477157,
0.168105034110194,0.245087359898502,0.320636282105685),.UNSPECIFIED.);
#164=B_SPLINE_CURVE_WITH_KNOTS('',3,(#4010,#4011,#4012,#4013,#4014,#4015,
#4016,#4017,#4018,#4019),.UNSPECIFIED.,.F.,.F.,(4,2,2,2,4),(0.296314113015289,
0.370448565897282,0.444553063148149,0.518615852411999,0.592641658051114),
 .UNSPECIFIED.);
#165=B_SPLINE_CURVE_WITH_KNOTS('',3,(#4179,#4180,#4181,#4182,#4183,#4184),
 .UNSPECIFIED.,.F.,.F.,(4,2,4),(4.46175551508138,4.56863004795932,4.68435131641263),
 .UNSPECIFIED.);
#166=B_SPLINE_CURVE_WITH_KNOTS('',3,(#4186,#4187,#4188,#4189,#4190,#4191),
 .UNSPECIFIED.,.F.,.F.,(4,2,4),(4.68435131641263,4.80007258486595,4.90694711774389),
 .UNSPECIFIED.);
#167=(
BOUNDED_SURFACE()
B_SPLINE_SURFACE(2,2,((#3471,#3472,#3473),(#3474,#3475,#3476),(#3477,#3478,
#3479)),.UNSPECIFIED.,.F.,.F.,.F.)
B_SPLINE_SURFACE_WITH_KNOTS((3,3),(3,3),(-1.5707963267949,0.),(2.2887721332118,
3.14159265358979),.UNSPECIFIED.)
GEOMETRIC_REPRESENTATION_ITEM()
RATIONAL_B_SPLINE_SURFACE(((1.,0.910456347611026,1.),(0.707106781186546,
0.643789857370091,0.707106781186546),(1.,0.910456347611026,1.)))
REPRESENTATION_ITEM('')
SURFACE()
);
#168=(
BOUNDED_SURFACE()
B_SPLINE_SURFACE(2,2,((#3494,#3495,#3496),(#3497,#3498,#3499),(#3500,#3501,
#3502)),.UNSPECIFIED.,.F.,.F.,.F.)
B_SPLINE_SURFACE_WITH_KNOTS((3,3),(3,3),(-1.57079632679256,0.),(1.5707963267949,
2.28877213321272),.UNSPECIFIED.)
GEOMETRIC_REPRESENTATION_ITEM()
RATIONAL_B_SPLINE_SURFACE(((1.,0.936252879899951,1.),(0.707106781187376,
0.662030760283465,0.707106781187376),(1.,0.936252879899951,1.)))
REPRESENTATION_ITEM('')
SURFACE()
);
#169=(
BOUNDED_SURFACE()
B_SPLINE_SURFACE(2,2,((#3566,#3567,#3568),(#3569,#3570,#3571),(#3572,#3573,
#3574)),.UNSPECIFIED.,.F.,.F.,.F.)
B_SPLINE_SURFACE_WITH_KNOTS((3,3),(3,3),(-1.5707963267949,0.),(0.,0.852820520377998),
 .UNSPECIFIED.)
GEOMETRIC_REPRESENTATION_ITEM()
RATIONAL_B_SPLINE_SURFACE(((1.,0.910456347611025,1.),(0.707106781186546,
0.643789857370091,0.707106781186546),(1.,0.910456347611025,1.)))
REPRESENTATION_ITEM('')
SURFACE()
);
#170=(
BOUNDED_SURFACE()
B_SPLINE_SURFACE(2,2,((#3582,#3583,#3584),(#3585,#3586,#3587),(#3588,#3589,
#3590)),.UNSPECIFIED.,.F.,.F.,.F.)
B_SPLINE_SURFACE_WITH_KNOTS((3,3),(3,3),(-1.57079632679256,0.),(0.852820520375638,
1.5707963267949),.UNSPECIFIED.)
GEOMETRIC_REPRESENTATION_ITEM()
RATIONAL_B_SPLINE_SURFACE(((1.,0.936252879899699,1.),(0.707106781187376,
0.662030760283287,0.707106781187376),(1.,0.936252879899699,1.)))
REPRESENTATION_ITEM('')
SURFACE()
);
#171=FACE_OUTER_BOUND('',#308,.T.);
#172=FACE_OUTER_BOUND('',#309,.T.);
#173=FACE_OUTER_BOUND('',#310,.T.);
#174=FACE_OUTER_BOUND('',#311,.T.);
#175=FACE_OUTER_BOUND('',#312,.T.);
#176=FACE_OUTER_BOUND('',#313,.T.);
#177=FACE_OUTER_BOUND('',#314,.T.);
#178=FACE_OUTER_BOUND('',#318,.T.);
#179=FACE_OUTER_BOUND('',#319,.T.);
#180=FACE_OUTER_BOUND('',#320,.T.);
#181=FACE_OUTER_BOUND('',#321,.T.);
#182=FACE_OUTER_BOUND('',#322,.T.);
#183=FACE_OUTER_BOUND('',#323,.T.);
#184=FACE_OUTER_BOUND('',#324,.T.);
#185=FACE_OUTER_BOUND('',#325,.T.);
#186=FACE_OUTER_BOUND('',#326,.T.);
#187=FACE_OUTER_BOUND('',#327,.T.);
#188=FACE_OUTER_BOUND('',#328,.T.);
#189=FACE_OUTER_BOUND('',#329,.T.);
#190=FACE_OUTER_BOUND('',#330,.T.);
#191=FACE_OUTER_BOUND('',#331,.T.);
#192=FACE_OUTER_BOUND('',#332,.T.);
#193=FACE_OUTER_BOUND('',#338,.T.);
#194=FACE_OUTER_BOUND('',#339,.T.);
#195=FACE_OUTER_BOUND('',#340,.T.);
#196=FACE_OUTER_BOUND('',#341,.T.);
#197=FACE_OUTER_BOUND('',#342,.T.);
#198=FACE_OUTER_BOUND('',#343,.T.);
#199=FACE_OUTER_BOUND('',#344,.T.);
#200=FACE_OUTER_BOUND('',#346,.T.);
#201=FACE_OUTER_BOUND('',#347,.T.);
#202=FACE_OUTER_BOUND('',#348,.T.);
#203=FACE_OUTER_BOUND('',#349,.T.);
#204=FACE_OUTER_BOUND('',#351,.T.);
#205=FACE_OUTER_BOUND('',#352,.T.);
#206=FACE_OUTER_BOUND('',#353,.T.);
#207=FACE_OUTER_BOUND('',#354,.T.);
#208=FACE_OUTER_BOUND('',#355,.T.);
#209=FACE_OUTER_BOUND('',#356,.T.);
#210=FACE_OUTER_BOUND('',#357,.T.);
#211=FACE_OUTER_BOUND('',#358,.T.);
#212=FACE_OUTER_BOUND('',#359,.T.);
#213=FACE_OUTER_BOUND('',#360,.T.);
#214=FACE_OUTER_BOUND('',#361,.T.);
#215=FACE_OUTER_BOUND('',#362,.T.);
#216=FACE_OUTER_BOUND('',#363,.T.);
#217=FACE_OUTER_BOUND('',#365,.T.);
#218=FACE_OUTER_BOUND('',#366,.T.);
#219=FACE_OUTER_BOUND('',#367,.T.);
#220=FACE_OUTER_BOUND('',#368,.T.);
#221=FACE_OUTER_BOUND('',#369,.T.);
#222=FACE_OUTER_BOUND('',#370,.T.);
#223=FACE_OUTER_BOUND('',#371,.T.);
#224=FACE_OUTER_BOUND('',#372,.T.);
#225=FACE_OUTER_BOUND('',#373,.T.);
#226=FACE_OUTER_BOUND('',#374,.T.);
#227=FACE_OUTER_BOUND('',#375,.T.);
#228=FACE_OUTER_BOUND('',#376,.T.);
#229=FACE_OUTER_BOUND('',#378,.T.);
#230=FACE_OUTER_BOUND('',#379,.T.);
#231=FACE_OUTER_BOUND('',#380,.T.);
#232=FACE_OUTER_BOUND('',#381,.T.);
#233=FACE_OUTER_BOUND('',#382,.T.);
#234=FACE_OUTER_BOUND('',#383,.T.);
#235=FACE_OUTER_BOUND('',#384,.T.);
#236=FACE_OUTER_BOUND('',#385,.T.);
#237=FACE_OUTER_BOUND('',#387,.T.);
#238=FACE_OUTER_BOUND('',#388,.T.);
#239=FACE_OUTER_BOUND('',#389,.T.);
#240=FACE_OUTER_BOUND('',#390,.T.);
#241=FACE_OUTER_BOUND('',#391,.T.);
#242=FACE_OUTER_BOUND('',#392,.T.);
#243=FACE_OUTER_BOUND('',#393,.T.);
#244=FACE_OUTER_BOUND('',#395,.T.);
#245=FACE_OUTER_BOUND('',#396,.T.);
#246=FACE_OUTER_BOUND('',#398,.T.);
#247=FACE_OUTER_BOUND('',#399,.T.);
#248=FACE_OUTER_BOUND('',#400,.T.);
#249=FACE_OUTER_BOUND('',#401,.T.);
#250=FACE_OUTER_BOUND('',#402,.T.);
#251=FACE_OUTER_BOUND('',#403,.T.);
#252=FACE_OUTER_BOUND('',#404,.T.);
#253=FACE_OUTER_BOUND('',#405,.T.);
#254=FACE_OUTER_BOUND('',#406,.T.);
#255=FACE_OUTER_BOUND('',#407,.T.);
#256=FACE_OUTER_BOUND('',#409,.T.);
#257=FACE_OUTER_BOUND('',#410,.T.);
#258=FACE_OUTER_BOUND('',#411,.T.);
#259=FACE_OUTER_BOUND('',#412,.T.);
#260=FACE_OUTER_BOUND('',#413,.T.);
#261=FACE_OUTER_BOUND('',#419,.T.);
#262=FACE_OUTER_BOUND('',#420,.T.);
#263=FACE_OUTER_BOUND('',#421,.T.);
#264=FACE_OUTER_BOUND('',#422,.T.);
#265=FACE_OUTER_BOUND('',#423,.T.);
#266=FACE_OUTER_BOUND('',#424,.T.);
#267=FACE_OUTER_BOUND('',#425,.T.);
#268=FACE_OUTER_BOUND('',#426,.T.);
#269=FACE_OUTER_BOUND('',#427,.T.);
#270=FACE_OUTER_BOUND('',#428,.T.);
#271=FACE_OUTER_BOUND('',#429,.T.);
#272=FACE_OUTER_BOUND('',#430,.T.);
#273=FACE_OUTER_BOUND('',#431,.T.);
#274=FACE_OUTER_BOUND('',#432,.T.);
#275=FACE_OUTER_BOUND('',#433,.T.);
#276=FACE_OUTER_BOUND('',#434,.T.);
#277=FACE_OUTER_BOUND('',#435,.T.);
#278=FACE_OUTER_BOUND('',#436,.T.);
#279=FACE_OUTER_BOUND('',#437,.T.);
#280=FACE_OUTER_BOUND('',#438,.T.);
#281=FACE_OUTER_BOUND('',#439,.T.);
#282=FACE_OUTER_BOUND('',#440,.T.);
#283=FACE_OUTER_BOUND('',#441,.T.);
#284=FACE_OUTER_BOUND('',#442,.T.);
#285=FACE_OUTER_BOUND('',#443,.T.);
#286=FACE_OUTER_BOUND('',#444,.T.);
#287=FACE_OUTER_BOUND('',#445,.T.);
#288=FACE_OUTER_BOUND('',#446,.T.);
#289=FACE_OUTER_BOUND('',#447,.T.);
#290=FACE_OUTER_BOUND('',#448,.T.);
#291=FACE_OUTER_BOUND('',#450,.T.);
#292=FACE_OUTER_BOUND('',#452,.T.);
#293=FACE_OUTER_BOUND('',#453,.T.);
#294=FACE_OUTER_BOUND('',#454,.T.);
#295=FACE_OUTER_BOUND('',#456,.T.);
#296=FACE_OUTER_BOUND('',#457,.T.);
#297=FACE_OUTER_BOUND('',#458,.T.);
#298=FACE_OUTER_BOUND('',#459,.T.);
#299=FACE_OUTER_BOUND('',#460,.T.);
#300=FACE_OUTER_BOUND('',#461,.T.);
#301=FACE_OUTER_BOUND('',#462,.T.);
#302=FACE_OUTER_BOUND('',#464,.T.);
#303=FACE_OUTER_BOUND('',#465,.T.);
#304=FACE_OUTER_BOUND('',#467,.T.);
#305=FACE_OUTER_BOUND('',#468,.T.);
#306=FACE_OUTER_BOUND('',#470,.T.);
#307=FACE_OUTER_BOUND('',#471,.T.);
#308=EDGE_LOOP('',(#1588,#1589,#1590,#1591));
#309=EDGE_LOOP('',(#1592,#1593,#1594,#1595));
#310=EDGE_LOOP('',(#1596,#1597,#1598,#1599));
#311=EDGE_LOOP('',(#1600,#1601,#1602,#1603));
#312=EDGE_LOOP('',(#1604,#1605,#1606));
#313=EDGE_LOOP('',(#1607,#1608,#1609,#1610,#1611,#1612));
#314=EDGE_LOOP('',(#1613,#1614,#1615,#1616));
#315=EDGE_LOOP('',(#1617));
#316=EDGE_LOOP('',(#1618,#1619,#1620));
#317=EDGE_LOOP('',(#1621,#1622,#1623,#1624,#1625,#1626,#1627));
#318=EDGE_LOOP('',(#1628,#1629,#1630,#1631,#1632,#1633));
#319=EDGE_LOOP('',(#1634,#1635,#1636,#1637));
#320=EDGE_LOOP('',(#1638,#1639,#1640,#1641));
#321=EDGE_LOOP('',(#1642,#1643,#1644,#1645));
#322=EDGE_LOOP('',(#1646,#1647,#1648));
#323=EDGE_LOOP('',(#1649,#1650,#1651,#1652,#1653,#1654));
#324=EDGE_LOOP('',(#1655,#1656,#1657));
#325=EDGE_LOOP('',(#1658,#1659,#1660,#1661));
#326=EDGE_LOOP('',(#1662,#1663,#1664));
#327=EDGE_LOOP('',(#1665,#1666,#1667,#1668));
#328=EDGE_LOOP('',(#1669,#1670,#1671,#1672));
#329=EDGE_LOOP('',(#1673,#1674,#1675,#1676));
#330=EDGE_LOOP('',(#1677,#1678,#1679,#1680));
#331=EDGE_LOOP('',(#1681,#1682,#1683,#1684));
#332=EDGE_LOOP('',(#1685,#1686,#1687,#1688,#1689,#1690,#1691,#1692,#1693,
#1694,#1695,#1696));
#333=EDGE_LOOP('',(#1697));
#334=EDGE_LOOP('',(#1698));
#335=EDGE_LOOP('',(#1699));
#336=EDGE_LOOP('',(#1700));
#337=EDGE_LOOP('',(#1701));
#338=EDGE_LOOP('',(#1702,#1703,#1704));
#339=EDGE_LOOP('',(#1705,#1706,#1707,#1708));
#340=EDGE_LOOP('',(#1709,#1710,#1711));
#341=EDGE_LOOP('',(#1712,#1713,#1714,#1715));
#342=EDGE_LOOP('',(#1716,#1717,#1718,#1719));
#343=EDGE_LOOP('',(#1720,#1721,#1722,#1723));
#344=EDGE_LOOP('',(#1724,#1725,#1726,#1727,#1728,#1729,#1730,#1731));
#345=EDGE_LOOP('',(#1732));
#346=EDGE_LOOP('',(#1733,#1734,#1735));
#347=EDGE_LOOP('',(#1736,#1737,#1738,#1739));
#348=EDGE_LOOP('',(#1740,#1741,#1742));
#349=EDGE_LOOP('',(#1743,#1744,#1745,#1746));
#350=EDGE_LOOP('',(#1747,#1748,#1749,#1750,#1751,#1752));
#351=EDGE_LOOP('',(#1753,#1754,#1755,#1756));
#352=EDGE_LOOP('',(#1757,#1758,#1759,#1760));
#353=EDGE_LOOP('',(#1761,#1762,#1763));
#354=EDGE_LOOP('',(#1764,#1765,#1766,#1767));
#355=EDGE_LOOP('',(#1768,#1769,#1770));
#356=EDGE_LOOP('',(#1771,#1772,#1773,#1774));
#357=EDGE_LOOP('',(#1775,#1776,#1777,#1778));
#358=EDGE_LOOP('',(#1779,#1780,#1781,#1782));
#359=EDGE_LOOP('',(#1783,#1784,#1785,#1786,#1787,#1788));
#360=EDGE_LOOP('',(#1789,#1790,#1791,#1792,#1793,#1794,#1795,#1796,#1797,
#1798,#1799,#1800,#1801,#1802,#1803,#1804));
#361=EDGE_LOOP('',(#1805,#1806,#1807,#1808,#1809,#1810));
#362=EDGE_LOOP('',(#1811,#1812,#1813,#1814));
#363=EDGE_LOOP('',(#1815,#1816,#1817,#1818));
#364=EDGE_LOOP('',(#1819,#1820,#1821,#1822,#1823,#1824));
#365=EDGE_LOOP('',(#1825,#1826,#1827,#1828));
#366=EDGE_LOOP('',(#1829,#1830,#1831,#1832,#1833,#1834));
#367=EDGE_LOOP('',(#1835,#1836,#1837,#1838));
#368=EDGE_LOOP('',(#1839,#1840,#1841,#1842));
#369=EDGE_LOOP('',(#1843,#1844,#1845,#1846));
#370=EDGE_LOOP('',(#1847,#1848,#1849,#1850));
#371=EDGE_LOOP('',(#1851,#1852,#1853,#1854));
#372=EDGE_LOOP('',(#1855,#1856,#1857,#1858,#1859,#1860,#1861,#1862));
#373=EDGE_LOOP('',(#1863,#1864,#1865,#1866));
#374=EDGE_LOOP('',(#1867,#1868,#1869,#1870));
#375=EDGE_LOOP('',(#1871,#1872,#1873,#1874));
#376=EDGE_LOOP('',(#1875,#1876,#1877,#1878));
#377=EDGE_LOOP('',(#1879));
#378=EDGE_LOOP('',(#1880,#1881,#1882,#1883));
#379=EDGE_LOOP('',(#1884,#1885,#1886,#1887));
#380=EDGE_LOOP('',(#1888,#1889,#1890,#1891));
#381=EDGE_LOOP('',(#1892,#1893,#1894,#1895));
#382=EDGE_LOOP('',(#1896,#1897,#1898,#1899));
#383=EDGE_LOOP('',(#1900,#1901,#1902,#1903));
#384=EDGE_LOOP('',(#1904,#1905,#1906,#1907));
#385=EDGE_LOOP('',(#1908,#1909,#1910,#1911,#1912,#1913));
#386=EDGE_LOOP('',(#1914));
#387=EDGE_LOOP('',(#1915,#1916,#1917,#1918));
#388=EDGE_LOOP('',(#1919,#1920,#1921,#1922));
#389=EDGE_LOOP('',(#1923,#1924,#1925,#1926));
#390=EDGE_LOOP('',(#1927,#1928,#1929,#1930));
#391=EDGE_LOOP('',(#1931,#1932,#1933,#1934));
#392=EDGE_LOOP('',(#1935,#1936,#1937,#1938));
#393=EDGE_LOOP('',(#1939));
#394=EDGE_LOOP('',(#1940));
#395=EDGE_LOOP('',(#1941,#1942,#1943,#1944));
#396=EDGE_LOOP('',(#1945,#1946,#1947,#1948,#1949,#1950,#1951,#1952));
#397=EDGE_LOOP('',(#1953));
#398=EDGE_LOOP('',(#1954,#1955,#1956,#1957));
#399=EDGE_LOOP('',(#1958,#1959,#1960,#1961));
#400=EDGE_LOOP('',(#1962,#1963,#1964,#1965));
#401=EDGE_LOOP('',(#1966,#1967,#1968,#1969,#1970,#1971));
#402=EDGE_LOOP('',(#1972,#1973,#1974,#1975));
#403=EDGE_LOOP('',(#1976,#1977,#1978,#1979,#1980));
#404=EDGE_LOOP('',(#1981,#1982,#1983,#1984));
#405=EDGE_LOOP('',(#1985,#1986,#1987,#1988));
#406=EDGE_LOOP('',(#1989,#1990,#1991,#1992,#1993,#1994,#1995,#1996));
#407=EDGE_LOOP('',(#1997,#1998,#1999,#2000,#2001,#2002,#2003));
#408=EDGE_LOOP('',(#2004));
#409=EDGE_LOOP('',(#2005,#2006,#2007,#2008));
#410=EDGE_LOOP('',(#2009,#2010,#2011,#2012));
#411=EDGE_LOOP('',(#2013,#2014,#2015,#2016));
#412=EDGE_LOOP('',(#2017,#2018,#2019,#2020));
#413=EDGE_LOOP('',(#2021,#2022,#2023,#2024,#2025,#2026,#2027,#2028,#2029,
#2030,#2031,#2032,#2033,#2034,#2035,#2036,#2037,#2038,#2039,#2040));
#414=EDGE_LOOP('',(#2041));
#415=EDGE_LOOP('',(#2042));
#416=EDGE_LOOP('',(#2043));
#417=EDGE_LOOP('',(#2044));
#418=EDGE_LOOP('',(#2045));
#419=EDGE_LOOP('',(#2046,#2047,#2048,#2049));
#420=EDGE_LOOP('',(#2050,#2051,#2052,#2053));
#421=EDGE_LOOP('',(#2054,#2055,#2056,#2057,#2058,#2059,#2060));
#422=EDGE_LOOP('',(#2061,#2062,#2063,#2064));
#423=EDGE_LOOP('',(#2065,#2066,#2067,#2068));
#424=EDGE_LOOP('',(#2069,#2070,#2071,#2072,#2073));
#425=EDGE_LOOP('',(#2074,#2075,#2076,#2077));
#426=EDGE_LOOP('',(#2078,#2079,#2080,#2081,#2082));
#427=EDGE_LOOP('',(#2083,#2084,#2085,#2086));
#428=EDGE_LOOP('',(#2087,#2088,#2089,#2090,#2091,#2092,#2093,#2094));
#429=EDGE_LOOP('',(#2095,#2096,#2097));
#430=EDGE_LOOP('',(#2098,#2099,#2100,#2101));
#431=EDGE_LOOP('',(#2102,#2103,#2104));
#432=EDGE_LOOP('',(#2105,#2106,#2107,#2108));
#433=EDGE_LOOP('',(#2109,#2110,#2111,#2112,#2113,#2114,#2115));
#434=EDGE_LOOP('',(#2116,#2117,#2118,#2119,#2120,#2121));
#435=EDGE_LOOP('',(#2122,#2123,#2124,#2125));
#436=EDGE_LOOP('',(#2126,#2127,#2128,#2129,#2130,#2131,#2132));
#437=EDGE_LOOP('',(#2133,#2134,#2135,#2136,#2137,#2138,#2139,#2140));
#438=EDGE_LOOP('',(#2141,#2142,#2143,#2144,#2145));
#439=EDGE_LOOP('',(#2146,#2147,#2148,#2149));
#440=EDGE_LOOP('',(#2150,#2151,#2152,#2153,#2154));
#441=EDGE_LOOP('',(#2155,#2156,#2157,#2158,#2159,#2160));
#442=EDGE_LOOP('',(#2161,#2162,#2163,#2164));
#443=EDGE_LOOP('',(#2165,#2166,#2167,#2168,#2169,#2170));
#444=EDGE_LOOP('',(#2171,#2172,#2173,#2174,#2175,#2176,#2177,#2178));
#445=EDGE_LOOP('',(#2179,#2180,#2181,#2182));
#446=EDGE_LOOP('',(#2183,#2184,#2185,#2186));
#447=EDGE_LOOP('',(#2187,#2188,#2189,#2190));
#448=EDGE_LOOP('',(#2191,#2192,#2193,#2194));
#449=EDGE_LOOP('',(#2195));
#450=EDGE_LOOP('',(#2196,#2197,#2198,#2199));
#451=EDGE_LOOP('',(#2200));
#452=EDGE_LOOP('',(#2201,#2202,#2203,#2204));
#453=EDGE_LOOP('',(#2205,#2206,#2207,#2208,#2209,#2210,#2211,#2212));
#454=EDGE_LOOP('',(#2213));
#455=EDGE_LOOP('',(#2214));
#456=EDGE_LOOP('',(#2215,#2216,#2217,#2218));
#457=EDGE_LOOP('',(#2219,#2220,#2221,#2222));
#458=EDGE_LOOP('',(#2223,#2224,#2225,#2226));
#459=EDGE_LOOP('',(#2227,#2228,#2229,#2230));
#460=EDGE_LOOP('',(#2231,#2232,#2233,#2234));
#461=EDGE_LOOP('',(#2235,#2236,#2237,#2238));
#462=EDGE_LOOP('',(#2239,#2240,#2241,#2242,#2243,#2244));
#463=EDGE_LOOP('',(#2245));
#464=EDGE_LOOP('',(#2246,#2247,#2248,#2249));
#465=EDGE_LOOP('',(#2250,#2251,#2252,#2253));
#466=EDGE_LOOP('',(#2254,#2255,#2256,#2257,#2258,#2259));
#467=EDGE_LOOP('',(#2260,#2261,#2262,#2263,#2264,#2265));
#468=EDGE_LOOP('',(#2266,#2267,#2268,#2269));
#469=EDGE_LOOP('',(#2270,#2271,#2272,#2273,#2274,#2275));
#470=EDGE_LOOP('',(#2276,#2277,#2278,#2279));
#471=EDGE_LOOP('',(#2280,#2281,#2282,#2283,#2284,#2285,#2286,#2287,#2288,
#2289,#2290,#2291,#2292,#2293,#2294,#2295,#2296,#2297,#2298,#2299));
#472=LINE('',#3469,#690);
#473=LINE('',#3492,#691);
#474=LINE('',#3493,#692);
#475=LINE('',#3525,#693);
#476=LINE('',#3528,#694);
#477=LINE('',#3533,#695);
#478=LINE('',#3536,#696);
#479=LINE('',#3537,#697);
#480=LINE('',#3540,#698);
#481=LINE('',#3542,#699);
#482=LINE('',#3543,#700);
#483=LINE('',#3546,#701);
#484=LINE('',#3548,#702);
#485=LINE('',#3550,#703);
#486=LINE('',#3552,#704);
#487=LINE('',#3554,#705);
#488=LINE('',#3556,#706);
#489=LINE('',#3557,#707);
#490=LINE('',#3560,#708);
#491=LINE('',#3564,#709);
#492=LINE('',#3581,#710);
#493=LINE('',#3613,#711);
#494=LINE('',#3621,#712);
#495=LINE('',#3637,#713);
#496=LINE('',#3638,#714);
#497=LINE('',#3647,#715);
#498=LINE('',#3648,#716);
#499=LINE('',#3653,#717);
#500=LINE('',#3654,#718);
#501=LINE('',#3677,#719);
#502=LINE('',#3697,#720);
#503=LINE('',#3701,#721);
#504=LINE('',#3703,#722);
#505=LINE('',#3707,#723);
#506=LINE('',#3709,#724);
#507=LINE('',#3713,#725);
#508=LINE('',#3714,#726);
#509=LINE('',#3735,#727);
#510=LINE('',#3736,#728);
#511=LINE('',#3744,#729);
#512=LINE('',#3749,#730);
#513=LINE('',#3750,#731);
#514=LINE('',#3752,#732);
#515=LINE('',#3766,#733);
#516=LINE('',#3778,#734);
#517=LINE('',#3792,#735);
#518=LINE('',#3793,#736);
#519=LINE('',#3799,#737);
#520=LINE('',#3801,#738);
#521=LINE('',#3802,#739);
#522=LINE('',#3805,#740);
#523=LINE('',#3807,#741);
#524=LINE('',#3809,#742);
#525=LINE('',#3811,#743);
#526=LINE('',#3813,#744);
#527=LINE('',#3814,#745);
#528=LINE('',#3817,#746);
#529=LINE('',#3834,#747);
#530=LINE('',#3850,#748);
#531=LINE('',#3862,#749);
#532=LINE('',#3863,#750);
#533=LINE('',#3868,#751);
#534=LINE('',#3869,#752);
#535=LINE('',#3871,#753);
#536=LINE('',#3874,#754);
#537=LINE('',#3890,#755);
#538=LINE('',#3898,#756);
#539=LINE('',#3908,#757);
#540=LINE('',#3928,#758);
#541=LINE('',#3947,#759);
#542=LINE('',#3950,#760);
#543=LINE('',#3970,#761);
#544=LINE('',#4005,#762);
#545=LINE('',#4022,#763);
#546=LINE('',#4026,#764);
#547=LINE('',#4030,#765);
#548=LINE('',#4034,#766);
#549=LINE('',#4038,#767);
#550=LINE('',#4043,#768);
#551=LINE('',#4045,#769);
#552=LINE('',#4047,#770);
#553=LINE('',#4049,#771);
#554=LINE('',#4051,#772);
#555=LINE('',#4052,#773);
#556=LINE('',#4056,#774);
#557=LINE('',#4057,#775);
#558=LINE('',#4059,#776);
#559=LINE('',#4061,#777);
#560=LINE('',#4063,#778);
#561=LINE('',#4065,#779);
#562=LINE('',#4073,#780);
#563=LINE('',#4075,#781);
#564=LINE('',#4080,#782);
#565=LINE('',#4082,#783);
#566=LINE('',#4085,#784);
#567=LINE('',#4086,#785);
#568=LINE('',#4088,#786);
#569=LINE('',#4089,#787);
#570=LINE('',#4092,#788);
#571=LINE('',#4093,#789);
#572=LINE('',#4095,#790);
#573=LINE('',#4096,#791);
#574=LINE('',#4098,#792);
#575=LINE('',#4100,#793);
#576=LINE('',#4103,#794);
#577=LINE('',#4105,#795);
#578=LINE('',#4106,#796);
#579=LINE('',#4108,#797);
#580=LINE('',#4110,#798);
#581=LINE('',#4112,#799);
#582=LINE('',#4113,#800);
#583=LINE('',#4115,#801);
#584=LINE('',#4117,#802);
#585=LINE('',#4123,#803);
#586=LINE('',#4127,#804);
#587=LINE('',#4129,#805);
#588=LINE('',#4133,#806);
#589=LINE('',#4135,#807);
#590=LINE('',#4139,#808);
#591=LINE('',#4141,#809);
#592=LINE('',#4145,#810);
#593=LINE('',#4147,#811);
#594=LINE('',#4149,#812);
#595=LINE('',#4153,#813);
#596=LINE('',#4155,#814);
#597=LINE('',#4157,#815);
#598=LINE('',#4160,#816);
#599=LINE('',#4163,#817);
#600=LINE('',#4165,#818);
#601=LINE('',#4166,#819);
#602=LINE('',#4170,#820);
#603=LINE('',#4172,#821);
#604=LINE('',#4174,#822);
#605=LINE('',#4175,#823);
#606=LINE('',#4192,#824);
#607=LINE('',#4194,#825);
#608=LINE('',#4197,#826);
#609=LINE('',#4200,#827);
#610=LINE('',#4202,#828);
#611=LINE('',#4203,#829);
#612=LINE('',#4206,#830);
#613=LINE('',#4207,#831);
#614=LINE('',#4214,#832);
#615=LINE('',#4215,#833);
#616=LINE('',#4218,#834);
#617=LINE('',#4219,#835);
#618=LINE('',#4224,#836);
#619=LINE('',#4227,#837);
#620=LINE('',#4230,#838);
#621=LINE('',#4232,#839);
#622=LINE('',#4233,#840);
#623=LINE('',#4236,#841);
#624=LINE('',#4238,#842);
#625=LINE('',#4240,#843);
#626=LINE('',#4247,#844);
#627=LINE('',#4251,#845);
#628=LINE('',#4253,#846);
#629=LINE('',#4254,#847);
#630=LINE('',#4258,#848);
#631=LINE('',#4261,#849);
#632=LINE('',#4262,#850);
#633=LINE('',#4264,#851);
#634=LINE('',#4266,#852);
#635=LINE('',#4268,#853);
#636=LINE('',#4269,#854);
#637=LINE('',#4272,#855);
#638=LINE('',#4273,#856);
#639=LINE('',#4277,#857);
#640=LINE('',#4279,#858);
#641=LINE('',#4281,#859);
#642=LINE('',#4282,#860);
#643=LINE('',#4285,#861);
#644=LINE('',#4287,#862);
#645=LINE('',#4288,#863);
#646=LINE('',#4290,#864);
#647=LINE('',#4292,#865);
#648=LINE('',#4295,#866);
#649=LINE('',#4300,#867);
#650=LINE('',#4301,#868);
#651=LINE('',#4306,#869);
#652=LINE('',#4310,#870);
#653=LINE('',#4315,#871);
#654=LINE('',#4317,#872);
#655=LINE('',#4322,#873);
#656=LINE('',#4328,#874);
#657=LINE('',#4332,#875);
#658=LINE('',#4333,#876);
#659=LINE('',#4336,#877);
#660=LINE('',#4337,#878);
#661=LINE('',#4340,#879);
#662=LINE('',#4342,#880);
#663=LINE('',#4343,#881);
#664=LINE('',#4346,#882);
#665=LINE('',#4347,#883);
#666=LINE('',#4351,#884);
#667=LINE('',#4357,#885);
#668=LINE('',#4359,#886);
#669=LINE('',#4361,#887);
#670=LINE('',#4362,#888);
#671=LINE('',#4365,#889);
#672=LINE('',#4367,#890);
#673=LINE('',#4368,#891);
#674=LINE('',#4371,#892);
#675=LINE('',#4373,#893);
#676=LINE('',#4374,#894);
#677=LINE('',#4377,#895);
#678=LINE('',#4379,#896);
#679=LINE('',#4380,#897);
#680=LINE('',#4383,#898);
#681=LINE('',#4385,#899);
#682=LINE('',#4386,#900);
#683=LINE('',#4388,#901);
#684=LINE('',#4389,#902);
#685=LINE('',#4393,#903);
#686=LINE('',#4395,#904);
#687=LINE('',#4396,#905);
#688=LINE('',#4398,#906);
#689=LINE('',#4400,#907);
#690=VECTOR('',#2752,3.35);
#691=VECTOR('',#2767,10.);
#692=VECTOR('',#2768,10.);
#693=VECTOR('',#2775,10.);
#694=VECTOR('',#2778,10.);
#695=VECTOR('',#2783,10.);
#696=VECTOR('',#2786,10.);
#697=VECTOR('',#2787,10.);
#698=VECTOR('',#2788,10.);
#699=VECTOR('',#2789,10.);
#700=VECTOR('',#2790,10.);
#701=VECTOR('',#2791,10.);
#702=VECTOR('',#2792,10.);
#703=VECTOR('',#2793,10.);
#704=VECTOR('',#2794,10.);
#705=VECTOR('',#2795,10.);
#706=VECTOR('',#2796,10.);
#707=VECTOR('',#2797,10.);
#708=VECTOR('',#2800,10.);
#709=VECTOR('',#2803,10.);
#710=VECTOR('',#2814,10.);
#711=VECTOR('',#2819,10.);
#712=VECTOR('',#2822,10.);
#713=VECTOR('',#2835,10.);
#714=VECTOR('',#2836,10.);
#715=VECTOR('',#2847,2.);
#716=VECTOR('',#2848,2.);
#717=VECTOR('',#2853,2.);
#718=VECTOR('',#2854,2.);
#719=VECTOR('',#2865,10.);
#720=VECTOR('',#2872,10.);
#721=VECTOR('',#2875,10.);
#722=VECTOR('',#2876,2.);
#723=VECTOR('',#2879,10.);
#724=VECTOR('',#2880,10.);
#725=VECTOR('',#2883,10.);
#726=VECTOR('',#2884,10.);
#727=VECTOR('',#2907,10.);
#728=VECTOR('',#2908,10.);
#729=VECTOR('',#2919,2.);
#730=VECTOR('',#2924,2.);
#731=VECTOR('',#2925,2.);
#732=VECTOR('',#2928,10.);
#733=VECTOR('',#2931,10.);
#734=VECTOR('',#2932,10.);
#735=VECTOR('',#2947,10.);
#736=VECTOR('',#2948,10.);
#737=VECTOR('',#2957,10.);
#738=VECTOR('',#2958,10.);
#739=VECTOR('',#2959,10.);
#740=VECTOR('',#2960,10.);
#741=VECTOR('',#2961,10.);
#742=VECTOR('',#2962,10.);
#743=VECTOR('',#2963,10.);
#744=VECTOR('',#2964,10.);
#745=VECTOR('',#2965,10.);
#746=VECTOR('',#2968,10.);
#747=VECTOR('',#2971,10.);
#748=VECTOR('',#2972,10.);
#749=VECTOR('',#2985,10.);
#750=VECTOR('',#2986,10.);
#751=VECTOR('',#2995,10.);
#752=VECTOR('',#2996,10.);
#753=VECTOR('',#2999,10.);
#754=VECTOR('',#3002,10.);
#755=VECTOR('',#3003,10.);
#756=VECTOR('',#3006,10.);
#757=VECTOR('',#3015,10.);
#758=VECTOR('',#3030,10.);
#759=VECTOR('',#3053,10.);
#760=VECTOR('',#3058,10.);
#761=VECTOR('',#3067,10.);
#762=VECTOR('',#3080,10.);
#763=VECTOR('',#3089,3.175);
#764=VECTOR('',#3094,3.175);
#765=VECTOR('',#3099,3.175);
#766=VECTOR('',#3104,3.175);
#767=VECTOR('',#3109,3.175);
#768=VECTOR('',#3114,10.);
#769=VECTOR('',#3115,10.);
#770=VECTOR('',#3116,10.);
#771=VECTOR('',#3117,10.);
#772=VECTOR('',#3118,10.);
#773=VECTOR('',#3119,10.);
#774=VECTOR('',#3124,10.);
#775=VECTOR('',#3125,10.);
#776=VECTOR('',#3128,10.);
#777=VECTOR('',#3131,10.);
#778=VECTOR('',#3134,10.);
#779=VECTOR('',#3137,10.);
#780=VECTOR('',#3148,4.572);
#781=VECTOR('',#3151,10.);
#782=VECTOR('',#3158,2.2);
#783=VECTOR('',#3161,2.2);
#784=VECTOR('',#3164,10.);
#785=VECTOR('',#3165,10.);
#786=VECTOR('',#3166,10.);
#787=VECTOR('',#3167,10.);
#788=VECTOR('',#3170,10.);
#789=VECTOR('',#3171,10.);
#790=VECTOR('',#3174,10.);
#791=VECTOR('',#3175,10.);
#792=VECTOR('',#3178,10.);
#793=VECTOR('',#3181,10.);
#794=VECTOR('',#3184,10.);
#795=VECTOR('',#3185,10.);
#796=VECTOR('',#3186,10.);
#797=VECTOR('',#3189,10.);
#798=VECTOR('',#3190,10.);
#799=VECTOR('',#3191,10.);
#800=VECTOR('',#3192,10.);
#801=VECTOR('',#3195,10.);
#802=VECTOR('',#3198,10.);
#803=VECTOR('',#3205,10.);
#804=VECTOR('',#3208,10.);
#805=VECTOR('',#3209,10.);
#806=VECTOR('',#3212,10.);
#807=VECTOR('',#3213,10.);
#808=VECTOR('',#3216,10.);
#809=VECTOR('',#3217,10.);
#810=VECTOR('',#3220,10.);
#811=VECTOR('',#3221,10.);
#812=VECTOR('',#3222,10.);
#813=VECTOR('',#3225,10.);
#814=VECTOR('',#3226,10.);
#815=VECTOR('',#3227,10.);
#816=VECTOR('',#3230,10.);
#817=VECTOR('',#3233,10.);
#818=VECTOR('',#3234,10.);
#819=VECTOR('',#3235,10.);
#820=VECTOR('',#3238,10.);
#821=VECTOR('',#3239,10.);
#822=VECTOR('',#3240,10.);
#823=VECTOR('',#3241,10.);
#824=VECTOR('',#3244,10.);
#825=VECTOR('',#3245,10.);
#826=VECTOR('',#3248,10.);
#827=VECTOR('',#3251,10.);
#828=VECTOR('',#3252,10.);
#829=VECTOR('',#3253,10.);
#830=VECTOR('',#3256,10.);
#831=VECTOR('',#3257,10.);
#832=VECTOR('',#3264,10.);
#833=VECTOR('',#3265,10.);
#834=VECTOR('',#3268,10.);
#835=VECTOR('',#3269,10.);
#836=VECTOR('',#3274,10.);
#837=VECTOR('',#3277,10.);
#838=VECTOR('',#3280,10.);
#839=VECTOR('',#3281,10.);
#840=VECTOR('',#3282,10.);
#841=VECTOR('',#3285,10.);
#842=VECTOR('',#3286,10.);
#843=VECTOR('',#3287,10.);
#844=VECTOR('',#3294,10.);
#845=VECTOR('',#3299,10.);
#846=VECTOR('',#3300,10.);
#847=VECTOR('',#3301,10.);
#848=VECTOR('',#3306,10.);
#849=VECTOR('',#3309,10.);
#850=VECTOR('',#3310,10.);
#851=VECTOR('',#3313,10.);
#852=VECTOR('',#3314,10.);
#853=VECTOR('',#3315,10.);
#854=VECTOR('',#3316,10.);
#855=VECTOR('',#3319,10.);
#856=VECTOR('',#3320,10.);
#857=VECTOR('',#3323,10.);
#858=VECTOR('',#3324,10.);
#859=VECTOR('',#3325,10.);
#860=VECTOR('',#3326,10.);
#861=VECTOR('',#3329,10.);
#862=VECTOR('',#3330,10.);
#863=VECTOR('',#3331,10.);
#864=VECTOR('',#3334,10.);
#865=VECTOR('',#3335,10.);
#866=VECTOR('',#3338,10.);
#867=VECTOR('',#3343,10.);
#868=VECTOR('',#3344,10.);
#869=VECTOR('',#3353,10.);
#870=VECTOR('',#3358,10.);
#871=VECTOR('',#3367,10.);
#872=VECTOR('',#3370,10.);
#873=VECTOR('',#3375,2.2);
#874=VECTOR('',#3382,2.2);
#875=VECTOR('',#3387,10.);
#876=VECTOR('',#3388,10.);
#877=VECTOR('',#3391,10.);
#878=VECTOR('',#3392,10.);
#879=VECTOR('',#3395,10.);
#880=VECTOR('',#3396,10.);
#881=VECTOR('',#3397,10.);
#882=VECTOR('',#3400,10.);
#883=VECTOR('',#3401,10.);
#884=VECTOR('',#3406,4.572);
#885=VECTOR('',#3413,10.);
#886=VECTOR('',#3414,10.);
#887=VECTOR('',#3415,10.);
#888=VECTOR('',#3416,10.);
#889=VECTOR('',#3419,10.);
#890=VECTOR('',#3420,10.);
#891=VECTOR('',#3421,10.);
#892=VECTOR('',#3424,10.);
#893=VECTOR('',#3425,10.);
#894=VECTOR('',#3426,10.);
#895=VECTOR('',#3429,10.);
#896=VECTOR('',#3430,10.);
#897=VECTOR('',#3431,10.);
#898=VECTOR('',#3434,10.);
#899=VECTOR('',#3435,10.);
#900=VECTOR('',#3436,10.);
#901=VECTOR('',#3439,10.);
#902=VECTOR('',#3440,10.);
#903=VECTOR('',#3445,10.);
#904=VECTOR('',#3446,10.);
#905=VECTOR('',#3447,10.);
#906=VECTOR('',#3450,10.);
#907=VECTOR('',#3453,10.);
#908=CIRCLE('',#2498,3.35);
#909=CIRCLE('',#2499,3.35);
#910=CIRCLE('',#2500,1.);
#911=CIRCLE('',#2501,1.);
#912=CIRCLE('',#2502,1.);
#913=CIRCLE('',#2503,2.);
#914=CIRCLE('',#2505,1.);
#915=CIRCLE('',#2506,2.);
#916=CIRCLE('',#2507,0.999999999999996);
#917=CIRCLE('',#2510,2.);
#918=CIRCLE('',#2511,2.);
#919=CIRCLE('',#2514,60.8540496217739);
#920=CIRCLE('',#2515,1.);
#921=CIRCLE('',#2516,1.00000000000001);
#922=CIRCLE('',#2517,1.);
#923=CIRCLE('',#2518,1.);
#924=CIRCLE('',#2520,1.);
#925=CIRCLE('',#2524,2.);
#926=CIRCLE('',#2525,2.);
#927=CIRCLE('',#2526,2.);
#928=CIRCLE('',#2528,2.);
#929=CIRCLE('',#2530,2.);
#930=CIRCLE('',#2531,2.);
#931=CIRCLE('',#2533,2.);
#932=CIRCLE('',#2535,2.);
#933=CIRCLE('',#2537,61.);
#934=CIRCLE('',#2538,59.);
#935=CIRCLE('',#2540,61.);
#936=CIRCLE('',#2542,59.);
#937=CIRCLE('',#2544,32.5);
#938=CIRCLE('',#2545,59.);
#939=CIRCLE('',#2546,59.);
#940=CIRCLE('',#2547,3.175);
#941=CIRCLE('',#2548,3.175);
#942=CIRCLE('',#2549,3.175);
#943=CIRCLE('',#2550,3.175);
#944=CIRCLE('',#2551,3.175);
#945=CIRCLE('',#2553,2.);
#946=CIRCLE('',#2554,2.);
#947=CIRCLE('',#2555,2.);
#948=CIRCLE('',#2557,2.);
#949=CIRCLE('',#2559,2.);
#950=CIRCLE('',#2560,2.);
#951=CIRCLE('',#2562,2.);
#952=CIRCLE('',#2564,2.);
#953=CIRCLE('',#2567,2.2);
#954=CIRCLE('',#2569,2.);
#955=CIRCLE('',#2570,2.);
#956=CIRCLE('',#2571,2.);
#957=CIRCLE('',#2573,2.);
#958=CIRCLE('',#2575,2.);
#959=CIRCLE('',#2576,2.);
#960=CIRCLE('',#2581,2.);
#961=CIRCLE('',#2582,2.);
#962=CIRCLE('',#2583,2.);
#963=CIRCLE('',#2585,1.99999999999999);
#964=CIRCLE('',#2587,2.);
#965=CIRCLE('',#2588,2.);
#966=CIRCLE('',#2594,59.);
#967=CIRCLE('',#2595,59.);
#968=CIRCLE('',#2596,32.5);
#969=CIRCLE('',#2597,59.);
#970=CIRCLE('',#2599,61.);
#971=CIRCLE('',#2601,30.5);
#972=CIRCLE('',#2603,30.5);
#973=CIRCLE('',#2611,61.);
#974=CIRCLE('',#2613,61.);
#975=CIRCLE('',#2615,61.);
#976=CIRCLE('',#2618,61.);
#977=CIRCLE('',#2622,61.);
#978=CIRCLE('',#2627,4.572);
#979=CIRCLE('',#2631,3.175);
#980=CIRCLE('',#2633,3.175);
#981=CIRCLE('',#2635,3.175);
#982=CIRCLE('',#2637,3.175);
#983=CIRCLE('',#2639,3.175);
#984=CIRCLE('',#2641,2.2);
#985=CIRCLE('',#2649,4.572);
#986=CIRCLE('',#2650,2.2);
#987=CIRCLE('',#2653,2.2);
#988=CIRCLE('',#2669,59.6);
#989=CIRCLE('',#2670,31.9);
#990=CIRCLE('',#2671,59.6);
#991=CIRCLE('',#2672,59.6);
#992=CIRCLE('',#2673,59.6);
#993=CIRCLE('',#2674,59.6);
#994=CIRCLE('',#2678,59.6);
#995=CIRCLE('',#2683,59.6);
#996=CIRCLE('',#2687,59.6);
#997=CIRCLE('',#2693,59.6);
#998=CIRCLE('',#2707,4.575);
#999=CIRCLE('',#2708,4.575);
#1000=CIRCLE('',#2718,3.6);
#1001=CIRCLE('',#2719,3.6);
#1002=CIRCLE('',#2721,3.6);
#1003=CIRCLE('',#2722,3.6);
#1004=CIRCLE('',#2728,5.972);
#1005=CIRCLE('',#2729,5.972);
#1006=CIRCLE('',#2742,31.9);
#1007=CIRCLE('',#2744,59.6);
#1008=VERTEX_POINT('',#3466);
#1009=VERTEX_POINT('',#3468);
#1010=VERTEX_POINT('',#3480);
#1011=VERTEX_POINT('',#3481);
#1012=VERTEX_POINT('',#3483);
#1013=VERTEX_POINT('',#3485);
#1014=VERTEX_POINT('',#3489);
#1015=VERTEX_POINT('',#3490);
#1016=VERTEX_POINT('',#3503);
#1017=VERTEX_POINT('',#3510);
#1018=VERTEX_POINT('',#3514);
#1019=VERTEX_POINT('',#3527);
#1020=VERTEX_POINT('',#3529);
#1021=VERTEX_POINT('',#3531);
#1022=VERTEX_POINT('',#3535);
#1023=VERTEX_POINT('',#3538);
#1024=VERTEX_POINT('',#3539);
#1025=VERTEX_POINT('',#3541);
#1026=VERTEX_POINT('',#3544);
#1027=VERTEX_POINT('',#3545);
#1028=VERTEX_POINT('',#3547);
#1029=VERTEX_POINT('',#3549);
#1030=VERTEX_POINT('',#3551);
#1031=VERTEX_POINT('',#3553);
#1032=VERTEX_POINT('',#3555);
#1033=VERTEX_POINT('',#3559);
#1034=VERTEX_POINT('',#3561);
#1035=VERTEX_POINT('',#3563);
#1036=VERTEX_POINT('',#3575);
#1037=VERTEX_POINT('',#3577);
#1038=VERTEX_POINT('',#3591);
#1039=VERTEX_POINT('',#3602);
#1040=VERTEX_POINT('',#3615);
#1041=VERTEX_POINT('',#3620);
#1042=VERTEX_POINT('',#3627);
#1043=VERTEX_POINT('',#3628);
#1044=VERTEX_POINT('',#3630);
#1045=VERTEX_POINT('',#3634);
#1046=VERTEX_POINT('',#3635);
#1047=VERTEX_POINT('',#3640);
#1048=VERTEX_POINT('',#3644);
#1049=VERTEX_POINT('',#3645);
#1050=VERTEX_POINT('',#3650);
#1051=VERTEX_POINT('',#3651);
#1052=VERTEX_POINT('',#3656);
#1053=VERTEX_POINT('',#3658);
#1054=VERTEX_POINT('',#3675);
#1055=VERTEX_POINT('',#3679);
#1056=VERTEX_POINT('',#3696);
#1057=VERTEX_POINT('',#3698);
#1058=VERTEX_POINT('',#3700);
#1059=VERTEX_POINT('',#3702);
#1060=VERTEX_POINT('',#3704);
#1061=VERTEX_POINT('',#3706);
#1062=VERTEX_POINT('',#3708);
#1063=VERTEX_POINT('',#3710);
#1064=VERTEX_POINT('',#3712);
#1065=VERTEX_POINT('',#3715);
#1066=VERTEX_POINT('',#3717);
#1067=VERTEX_POINT('',#3719);
#1068=VERTEX_POINT('',#3721);
#1069=VERTEX_POINT('',#3723);
#1070=VERTEX_POINT('',#3726);
#1071=VERTEX_POINT('',#3728);
#1072=VERTEX_POINT('',#3732);
#1073=VERTEX_POINT('',#3733);
#1074=VERTEX_POINT('',#3738);
#1075=VERTEX_POINT('',#3742);
#1076=VERTEX_POINT('',#3746);
#1077=VERTEX_POINT('',#3747);
#1078=VERTEX_POINT('',#3754);
#1079=VERTEX_POINT('',#3765);
#1080=VERTEX_POINT('',#3767);
#1081=VERTEX_POINT('',#3779);
#1082=VERTEX_POINT('',#3782);
#1083=VERTEX_POINT('',#3783);
#1084=VERTEX_POINT('',#3785);
#1085=VERTEX_POINT('',#3789);
#1086=VERTEX_POINT('',#3790);
#1087=VERTEX_POINT('',#3798);
#1088=VERTEX_POINT('',#3800);
#1089=VERTEX_POINT('',#3803);
#1090=VERTEX_POINT('',#3804);
#1091=VERTEX_POINT('',#3806);
#1092=VERTEX_POINT('',#3808);
#1093=VERTEX_POINT('',#3810);
#1094=VERTEX_POINT('',#3812);
#1095=VERTEX_POINT('',#3816);
#1096=VERTEX_POINT('',#3833);
#1097=VERTEX_POINT('',#3835);
#1098=VERTEX_POINT('',#3852);
#1099=VERTEX_POINT('',#3853);
#1100=VERTEX_POINT('',#3855);
#1101=VERTEX_POINT('',#3859);
#1102=VERTEX_POINT('',#3860);
#1103=VERTEX_POINT('',#3873);
#1104=VERTEX_POINT('',#3875);
#1105=VERTEX_POINT('',#3892);
#1106=VERTEX_POINT('',#3897);
#1107=VERTEX_POINT('',#3906);
#1108=VERTEX_POINT('',#3913);
#1109=VERTEX_POINT('',#3926);
#1110=VERTEX_POINT('',#3929);
#1111=VERTEX_POINT('',#3930);
#1112=VERTEX_POINT('',#3932);
#1113=VERTEX_POINT('',#3934);
#1114=VERTEX_POINT('',#3936);
#1115=VERTEX_POINT('',#3938);
#1116=VERTEX_POINT('',#3946);
#1117=VERTEX_POINT('',#3955);
#1118=VERTEX_POINT('',#4006);
#1119=VERTEX_POINT('',#4021);
#1120=VERTEX_POINT('',#4025);
#1121=VERTEX_POINT('',#4029);
#1122=VERTEX_POINT('',#4033);
#1123=VERTEX_POINT('',#4037);
#1124=VERTEX_POINT('',#4041);
#1125=VERTEX_POINT('',#4042);
#1126=VERTEX_POINT('',#4044);
#1127=VERTEX_POINT('',#4046);
#1128=VERTEX_POINT('',#4048);
#1129=VERTEX_POINT('',#4050);
#1130=VERTEX_POINT('',#4053);
#1131=VERTEX_POINT('',#4068);
#1132=VERTEX_POINT('',#4070);
#1133=VERTEX_POINT('',#4076);
#1134=VERTEX_POINT('',#4084);
#1135=VERTEX_POINT('',#4087);
#1136=VERTEX_POINT('',#4091);
#1137=VERTEX_POINT('',#4102);
#1138=VERTEX_POINT('',#4104);
#1139=VERTEX_POINT('',#4109);
#1140=VERTEX_POINT('',#4111);
#1141=VERTEX_POINT('',#4121);
#1142=VERTEX_POINT('',#4122);
#1143=VERTEX_POINT('',#4124);
#1144=VERTEX_POINT('',#4126);
#1145=VERTEX_POINT('',#4128);
#1146=VERTEX_POINT('',#4130);
#1147=VERTEX_POINT('',#4132);
#1148=VERTEX_POINT('',#4134);
#1149=VERTEX_POINT('',#4136);
#1150=VERTEX_POINT('',#4138);
#1151=VERTEX_POINT('',#4140);
#1152=VERTEX_POINT('',#4142);
#1153=VERTEX_POINT('',#4144);
#1154=VERTEX_POINT('',#4146);
#1155=VERTEX_POINT('',#4148);
#1156=VERTEX_POINT('',#4150);
#1157=VERTEX_POINT('',#4152);
#1158=VERTEX_POINT('',#4154);
#1159=VERTEX_POINT('',#4156);
#1160=VERTEX_POINT('',#4158);
#1161=VERTEX_POINT('',#4162);
#1162=VERTEX_POINT('',#4164);
#1163=VERTEX_POINT('',#4168);
#1164=VERTEX_POINT('',#4169);
#1165=VERTEX_POINT('',#4171);
#1166=VERTEX_POINT('',#4173);
#1167=VERTEX_POINT('',#4177);
#1168=VERTEX_POINT('',#4178);
#1169=VERTEX_POINT('',#4185);
#1170=VERTEX_POINT('',#4193);
#1171=VERTEX_POINT('',#4195);
#1172=VERTEX_POINT('',#4199);
#1173=VERTEX_POINT('',#4201);
#1174=VERTEX_POINT('',#4205);
#1175=VERTEX_POINT('',#4209);
#1176=VERTEX_POINT('',#4210);
#1177=VERTEX_POINT('',#4212);
#1178=VERTEX_POINT('',#4217);
#1179=VERTEX_POINT('',#4221);
#1180=VERTEX_POINT('',#4223);
#1181=VERTEX_POINT('',#4225);
#1182=VERTEX_POINT('',#4229);
#1183=VERTEX_POINT('',#4231);
#1184=VERTEX_POINT('',#4235);
#1185=VERTEX_POINT('',#4237);
#1186=VERTEX_POINT('',#4239);
#1187=VERTEX_POINT('',#4243);
#1188=VERTEX_POINT('',#4244);
#1189=VERTEX_POINT('',#4246);
#1190=VERTEX_POINT('',#4250);
#1191=VERTEX_POINT('',#4252);
#1192=VERTEX_POINT('',#4256);
#1193=VERTEX_POINT('',#4260);
#1194=VERTEX_POINT('',#4265);
#1195=VERTEX_POINT('',#4267);
#1196=VERTEX_POINT('',#4271);
#1197=VERTEX_POINT('',#4275);
#1198=VERTEX_POINT('',#4276);
#1199=VERTEX_POINT('',#4278);
#1200=VERTEX_POINT('',#4280);
#1201=VERTEX_POINT('',#4284);
#1202=VERTEX_POINT('',#4286);
#1203=VERTEX_POINT('',#4291);
#1204=VERTEX_POINT('',#4293);
#1205=VERTEX_POINT('',#4297);
#1206=VERTEX_POINT('',#4299);
#1207=VERTEX_POINT('',#4308);
#1208=VERTEX_POINT('',#4319);
#1209=VERTEX_POINT('',#4321);
#1210=VERTEX_POINT('',#4325);
#1211=VERTEX_POINT('',#4327);
#1212=VERTEX_POINT('',#4331);
#1213=VERTEX_POINT('',#4335);
#1214=VERTEX_POINT('',#4339);
#1215=VERTEX_POINT('',#4341);
#1216=VERTEX_POINT('',#4345);
#1217=VERTEX_POINT('',#4349);
#1218=VERTEX_POINT('',#4355);
#1219=VERTEX_POINT('',#4356);
#1220=VERTEX_POINT('',#4358);
#1221=VERTEX_POINT('',#4360);
#1222=VERTEX_POINT('',#4364);
#1223=VERTEX_POINT('',#4366);
#1224=VERTEX_POINT('',#4370);
#1225=VERTEX_POINT('',#4372);
#1226=VERTEX_POINT('',#4376);
#1227=VERTEX_POINT('',#4378);
#1228=VERTEX_POINT('',#4382);
#1229=VERTEX_POINT('',#4384);
#1230=VERTEX_POINT('',#4392);
#1231=VERTEX_POINT('',#4394);
#1232=EDGE_CURVE('',#1008,#1008,#908,.T.);
#1233=EDGE_CURVE('',#1008,#1009,#472,.T.);
#1234=EDGE_CURVE('',#1009,#1009,#909,.T.);
#1235=EDGE_CURVE('',#1010,#1011,#910,.T.);
#1236=EDGE_CURVE('',#1011,#1012,#911,.T.);
#1237=EDGE_CURVE('',#1012,#1013,#912,.T.);
#1238=EDGE_CURVE('',#1013,#1010,#913,.T.);
#1239=EDGE_CURVE('',#1014,#1015,#914,.T.);
#1240=EDGE_CURVE('',#1015,#1013,#473,.T.);
#1241=EDGE_CURVE('',#1012,#1014,#474,.T.);
#1242=EDGE_CURVE('',#1016,#1011,#145,.F.);
#1243=EDGE_CURVE('',#1010,#1017,#915,.T.);
#1244=EDGE_CURVE('',#1017,#1016,#916,.T.);
#1245=EDGE_CURVE('',#1018,#1016,#146,.F.);
#1246=EDGE_CURVE('',#1017,#1018,#475,.T.);
#1247=EDGE_CURVE('',#1013,#1019,#476,.T.);
#1248=EDGE_CURVE('',#1020,#1019,#917,.T.);
#1249=EDGE_CURVE('',#1021,#1020,#918,.T.);
#1250=EDGE_CURVE('',#1021,#1017,#477,.T.);
#1251=EDGE_CURVE('',#1022,#1015,#478,.T.);
#1252=EDGE_CURVE('',#1019,#1022,#479,.T.);
#1253=EDGE_CURVE('',#1023,#1024,#480,.T.);
#1254=EDGE_CURVE('',#1024,#1025,#481,.T.);
#1255=EDGE_CURVE('',#1025,#1023,#482,.T.);
#1256=EDGE_CURVE('',#1026,#1027,#483,.T.);
#1257=EDGE_CURVE('',#1027,#1028,#484,.T.);
#1258=EDGE_CURVE('',#1028,#1029,#485,.T.);
#1259=EDGE_CURVE('',#1029,#1030,#486,.T.);
#1260=EDGE_CURVE('',#1030,#1031,#487,.T.);
#1261=EDGE_CURVE('',#1031,#1032,#488,.T.);
#1262=EDGE_CURVE('',#1032,#1026,#489,.T.);
#1263=EDGE_CURVE('',#1014,#1033,#490,.T.);
#1264=EDGE_CURVE('',#1034,#1033,#919,.F.);
#1265=EDGE_CURVE('',#1034,#1035,#491,.T.);
#1266=EDGE_CURVE('',#1022,#1035,#920,.T.);
#1267=EDGE_CURVE('',#1019,#1036,#921,.T.);
#1268=EDGE_CURVE('',#1036,#1037,#922,.T.);
#1269=EDGE_CURVE('',#1037,#1020,#923,.T.);
#1270=EDGE_CURVE('',#1035,#1036,#492,.T.);
#1271=EDGE_CURVE('',#1038,#1037,#147,.T.);
#1272=EDGE_CURVE('',#1038,#1021,#924,.T.);
#1273=EDGE_CURVE('',#1039,#1038,#148,.T.);
#1274=EDGE_CURVE('',#1039,#1021,#493,.T.);
#1275=EDGE_CURVE('',#1034,#1040,#149,.T.);
#1276=EDGE_CURVE('',#1041,#1040,#494,.T.);
#1277=EDGE_CURVE('',#1037,#1041,#150,.F.);
#1278=EDGE_CURVE('',#1042,#1043,#925,.T.);
#1279=EDGE_CURVE('',#1043,#1044,#926,.T.);
#1280=EDGE_CURVE('',#1044,#1042,#927,.T.);
#1281=EDGE_CURVE('',#1045,#1046,#928,.T.);
#1282=EDGE_CURVE('',#1046,#1044,#495,.T.);
#1283=EDGE_CURVE('',#1043,#1045,#496,.T.);
#1284=EDGE_CURVE('',#1045,#1047,#929,.T.);
#1285=EDGE_CURVE('',#1047,#1046,#930,.T.);
#1286=EDGE_CURVE('',#1048,#1049,#931,.T.);
#1287=EDGE_CURVE('',#1049,#1043,#497,.T.);
#1288=EDGE_CURVE('',#1042,#1048,#498,.T.);
#1289=EDGE_CURVE('',#1050,#1051,#932,.T.);
#1290=EDGE_CURVE('',#1051,#1047,#499,.T.);
#1291=EDGE_CURVE('',#1045,#1050,#500,.T.);
#1292=EDGE_CURVE('',#1044,#1052,#933,.T.);
#1293=EDGE_CURVE('',#1053,#1052,#151,.T.);
#1294=EDGE_CURVE('',#1053,#1042,#934,.T.);
#1295=EDGE_CURVE('',#1054,#1046,#935,.T.);
#1296=EDGE_CURVE('',#1054,#1052,#501,.T.);
#1297=EDGE_CURVE('',#1047,#1055,#936,.T.);
#1298=EDGE_CURVE('',#1055,#1054,#152,.T.);
#1299=EDGE_CURVE('',#1051,#1056,#502,.T.);
#1300=EDGE_CURVE('',#1057,#1056,#937,.T.);
#1301=EDGE_CURVE('',#1057,#1058,#503,.T.);
#1302=EDGE_CURVE('',#1059,#1058,#504,.T.);
#1303=EDGE_CURVE('',#1060,#1059,#938,.T.);
#1304=EDGE_CURVE('',#1061,#1060,#505,.T.);
#1305=EDGE_CURVE('',#1062,#1061,#506,.T.);
#1306=EDGE_CURVE('',#1063,#1062,#939,.T.);
#1307=EDGE_CURVE('',#1064,#1063,#507,.T.);
#1308=EDGE_CURVE('',#1055,#1064,#508,.T.);
#1309=EDGE_CURVE('',#1065,#1065,#940,.T.);
#1310=EDGE_CURVE('',#1066,#1066,#941,.T.);
#1311=EDGE_CURVE('',#1067,#1067,#942,.T.);
#1312=EDGE_CURVE('',#1068,#1068,#943,.T.);
#1313=EDGE_CURVE('',#1069,#1069,#944,.T.);
#1314=EDGE_CURVE('',#1059,#1070,#945,.T.);
#1315=EDGE_CURVE('',#1070,#1071,#946,.T.);
#1316=EDGE_CURVE('',#1071,#1059,#947,.T.);
#1317=EDGE_CURVE('',#1072,#1073,#948,.T.);
#1318=EDGE_CURVE('',#1073,#1071,#509,.T.);
#1319=EDGE_CURVE('',#1070,#1072,#510,.T.);
#1320=EDGE_CURVE('',#1072,#1074,#949,.T.);
#1321=EDGE_CURVE('',#1074,#1073,#950,.T.);
#1322=EDGE_CURVE('',#1058,#1075,#951,.T.);
#1323=EDGE_CURVE('',#1075,#1070,#511,.T.);
#1324=EDGE_CURVE('',#1076,#1077,#952,.T.);
#1325=EDGE_CURVE('',#1077,#1074,#512,.T.);
#1326=EDGE_CURVE('',#1072,#1076,#513,.T.);
#1327=EDGE_CURVE('',#1076,#1075,#514,.T.);
#1328=EDGE_CURVE('',#1078,#1057,#153,.T.);
#1329=EDGE_CURVE('',#1079,#1078,#515,.T.);
#1330=EDGE_CURVE('',#1080,#1079,#154,.T.);
#1331=EDGE_CURVE('',#1077,#1080,#516,.T.);
#1332=EDGE_CURVE('',#1081,#1081,#953,.T.);
#1333=EDGE_CURVE('',#1082,#1083,#954,.T.);
#1334=EDGE_CURVE('',#1083,#1084,#955,.T.);
#1335=EDGE_CURVE('',#1084,#1082,#956,.T.);
#1336=EDGE_CURVE('',#1085,#1086,#957,.T.);
#1337=EDGE_CURVE('',#1086,#1083,#517,.T.);
#1338=EDGE_CURVE('',#1082,#1085,#518,.T.);
#1339=EDGE_CURVE('',#1085,#1061,#958,.T.);
#1340=EDGE_CURVE('',#1061,#1086,#959,.T.);
#1341=EDGE_CURVE('',#1087,#1082,#519,.T.);
#1342=EDGE_CURVE('',#1088,#1087,#520,.T.);
#1343=EDGE_CURVE('',#1085,#1088,#521,.T.);
#1344=EDGE_CURVE('',#1089,#1090,#522,.T.);
#1345=EDGE_CURVE('',#1090,#1091,#523,.T.);
#1346=EDGE_CURVE('',#1091,#1092,#524,.T.);
#1347=EDGE_CURVE('',#1092,#1093,#525,.T.);
#1348=EDGE_CURVE('',#1093,#1094,#526,.T.);
#1349=EDGE_CURVE('',#1094,#1089,#527,.T.);
#1350=EDGE_CURVE('',#1084,#1095,#528,.T.);
#1351=EDGE_CURVE('',#1095,#1087,#155,.T.);
#1352=EDGE_CURVE('',#1083,#1096,#529,.T.);
#1353=EDGE_CURVE('',#1097,#1096,#156,.T.);
#1354=EDGE_CURVE('',#1097,#1084,#530,.T.);
#1355=EDGE_CURVE('',#1098,#1099,#960,.T.);
#1356=EDGE_CURVE('',#1099,#1100,#961,.T.);
#1357=EDGE_CURVE('',#1100,#1098,#962,.T.);
#1358=EDGE_CURVE('',#1101,#1102,#963,.T.);
#1359=EDGE_CURVE('',#1102,#1099,#531,.T.);
#1360=EDGE_CURVE('',#1098,#1101,#532,.T.);
#1361=EDGE_CURVE('',#1101,#1064,#964,.T.);
#1362=EDGE_CURVE('',#1064,#1102,#965,.T.);
#1363=EDGE_CURVE('',#1052,#1098,#533,.T.);
#1364=EDGE_CURVE('',#1101,#1054,#534,.T.);
#1365=EDGE_CURVE('',#1100,#1053,#535,.T.);
#1366=EDGE_CURVE('',#1099,#1103,#536,.T.);
#1367=EDGE_CURVE('',#1104,#1103,#157,.T.);
#1368=EDGE_CURVE('',#1104,#1100,#537,.T.);
#1369=EDGE_CURVE('',#1105,#1011,#158,.F.);
#1370=EDGE_CURVE('',#1106,#1105,#538,.T.);
#1371=EDGE_CURVE('',#1106,#1033,#159,.T.);
#1372=EDGE_CURVE('',#1039,#1095,#966,.T.);
#1373=EDGE_CURVE('',#1074,#1097,#967,.T.);
#1374=EDGE_CURVE('',#1107,#1080,#968,.T.);
#1375=EDGE_CURVE('',#1107,#1048,#539,.T.);
#1376=EDGE_CURVE('',#1104,#1018,#969,.T.);
#1377=EDGE_CURVE('',#1103,#1105,#970,.T.);
#1378=EDGE_CURVE('',#1108,#1107,#160,.T.);
#1379=EDGE_CURVE('',#1079,#1108,#971,.T.);
#1380=EDGE_CURVE('',#1109,#1078,#972,.T.);
#1381=EDGE_CURVE('',#1108,#1109,#540,.T.);
#1382=EDGE_CURVE('',#1110,#1111,#15,.T.);
#1383=EDGE_CURVE('',#1111,#1112,#16,.T.);
#1384=EDGE_CURVE('',#1112,#1113,#17,.T.);
#1385=EDGE_CURVE('',#1113,#1114,#18,.T.);
#1386=EDGE_CURVE('',#1114,#1115,#19,.T.);
#1387=EDGE_CURVE('',#1115,#1110,#20,.T.);
#1388=EDGE_CURVE('',#1096,#1073,#973,.T.);
#1389=EDGE_CURVE('',#1041,#1087,#974,.T.);
#1390=EDGE_CURVE('',#1096,#1116,#541,.T.);
#1391=EDGE_CURVE('',#1071,#1116,#975,.T.);
#1392=EDGE_CURVE('',#1116,#1086,#542,.T.);
#1393=EDGE_CURVE('',#1088,#1040,#976,.T.);
#1394=EDGE_CURVE('',#1063,#1117,#161,.T.);
#1395=EDGE_CURVE('',#1117,#1102,#543,.T.);
#1396=EDGE_CURVE('',#1106,#1117,#977,.T.);
#1397=EDGE_CURVE('',#1062,#1088,#162,.T.);
#1398=EDGE_CURVE('',#1060,#1116,#163,.T.);
#1399=EDGE_CURVE('',#1117,#1103,#544,.T.);
#1400=EDGE_CURVE('',#1118,#1118,#978,.T.);
#1401=EDGE_CURVE('',#1056,#1109,#164,.T.);
#1402=EDGE_CURVE('',#1069,#1119,#545,.T.);
#1403=EDGE_CURVE('',#1119,#1119,#979,.T.);
#1404=EDGE_CURVE('',#1068,#1120,#546,.T.);
#1405=EDGE_CURVE('',#1120,#1120,#980,.T.);
#1406=EDGE_CURVE('',#1067,#1121,#547,.T.);
#1407=EDGE_CURVE('',#1121,#1121,#981,.T.);
#1408=EDGE_CURVE('',#1066,#1122,#548,.T.);
#1409=EDGE_CURVE('',#1122,#1122,#982,.T.);
#1410=EDGE_CURVE('',#1065,#1123,#549,.T.);
#1411=EDGE_CURVE('',#1123,#1123,#983,.T.);
#1412=EDGE_CURVE('',#1124,#1125,#550,.T.);
#1413=EDGE_CURVE('',#1126,#1124,#551,.T.);
#1414=EDGE_CURVE('',#1127,#1126,#552,.T.);
#1415=EDGE_CURVE('',#1128,#1127,#553,.T.);
#1416=EDGE_CURVE('',#1129,#1128,#554,.T.);
#1417=EDGE_CURVE('',#1125,#1129,#555,.T.);
#1418=EDGE_CURVE('',#1130,#1130,#984,.T.);
#1419=EDGE_CURVE('',#1090,#1124,#556,.T.);
#1420=EDGE_CURVE('',#1091,#1125,#557,.T.);
#1421=EDGE_CURVE('',#1092,#1129,#558,.T.);
#1422=EDGE_CURVE('',#1093,#1128,#559,.T.);
#1423=EDGE_CURVE('',#1094,#1127,#560,.T.);
#1424=EDGE_CURVE('',#1089,#1126,#561,.T.);
#1425=EDGE_CURVE('',#1131,#1131,#985,.T.);
#1426=EDGE_CURVE('',#1132,#1132,#986,.T.);
#1427=EDGE_CURVE('',#1118,#1131,#562,.T.);
#1428=EDGE_CURVE('',#1050,#1049,#563,.T.);
#1429=EDGE_CURVE('',#1133,#1133,#987,.T.);
#1430=EDGE_CURVE('',#1132,#1133,#564,.T.);
#1431=EDGE_CURVE('',#1130,#1081,#565,.T.);
#1432=EDGE_CURVE('',#1134,#1025,#566,.T.);
#1433=EDGE_CURVE('',#1024,#1112,#567,.T.);
#1434=EDGE_CURVE('',#1135,#1111,#568,.T.);
#1435=EDGE_CURVE('',#1135,#1134,#569,.T.);
#1436=EDGE_CURVE('',#1136,#1135,#570,.T.);
#1437=EDGE_CURVE('',#1136,#1110,#571,.T.);
#1438=EDGE_CURVE('',#1030,#1115,#572,.T.);
#1439=EDGE_CURVE('',#1029,#1136,#573,.T.);
#1440=EDGE_CURVE('',#1031,#1114,#574,.T.);
#1441=EDGE_CURVE('',#1032,#1113,#575,.T.);
#1442=EDGE_CURVE('',#1023,#1137,#576,.T.);
#1443=EDGE_CURVE('',#1137,#1138,#577,.T.);
#1444=EDGE_CURVE('',#1138,#1026,#578,.T.);
#1445=EDGE_CURVE('',#1137,#1134,#579,.T.);
#1446=EDGE_CURVE('',#1136,#1139,#580,.T.);
#1447=EDGE_CURVE('',#1139,#1140,#581,.T.);
#1448=EDGE_CURVE('',#1140,#1138,#582,.T.);
#1449=EDGE_CURVE('',#1028,#1139,#583,.T.);
#1450=EDGE_CURVE('',#1027,#1140,#584,.T.);
#1451=EDGE_CURVE('',#1141,#1142,#585,.T.);
#1452=EDGE_CURVE('',#1142,#1143,#988,.T.);
#1453=EDGE_CURVE('',#1143,#1144,#586,.T.);
#1454=EDGE_CURVE('',#1144,#1145,#587,.T.);
#1455=EDGE_CURVE('',#1145,#1146,#989,.T.);
#1456=EDGE_CURVE('',#1146,#1147,#588,.T.);
#1457=EDGE_CURVE('',#1147,#1148,#589,.T.);
#1458=EDGE_CURVE('',#1148,#1149,#990,.T.);
#1459=EDGE_CURVE('',#1149,#1150,#590,.T.);
#1460=EDGE_CURVE('',#1150,#1151,#591,.T.);
#1461=EDGE_CURVE('',#1151,#1152,#991,.T.);
#1462=EDGE_CURVE('',#1152,#1153,#592,.T.);
#1463=EDGE_CURVE('',#1153,#1154,#593,.T.);
#1464=EDGE_CURVE('',#1154,#1155,#594,.T.);
#1465=EDGE_CURVE('',#1155,#1156,#992,.T.);
#1466=EDGE_CURVE('',#1156,#1157,#595,.T.);
#1467=EDGE_CURVE('',#1157,#1158,#596,.T.);
#1468=EDGE_CURVE('',#1158,#1159,#597,.T.);
#1469=EDGE_CURVE('',#1159,#1160,#993,.T.);
#1470=EDGE_CURVE('',#1160,#1141,#598,.T.);
#1471=EDGE_CURVE('',#1153,#1161,#599,.T.);
#1472=EDGE_CURVE('',#1161,#1162,#600,.T.);
#1473=EDGE_CURVE('',#1154,#1162,#601,.F.);
#1474=EDGE_CURVE('',#1163,#1164,#602,.T.);
#1475=EDGE_CURVE('',#1164,#1165,#603,.T.);
#1476=EDGE_CURVE('',#1166,#1165,#604,.T.);
#1477=EDGE_CURVE('',#1166,#1163,#605,.T.);
#1478=EDGE_CURVE('',#1167,#1168,#165,.T.);
#1479=EDGE_CURVE('',#1168,#1169,#166,.T.);
#1480=EDGE_CURVE('',#1149,#1169,#606,.T.);
#1481=EDGE_CURVE('',#1148,#1170,#607,.T.);
#1482=EDGE_CURVE('',#1170,#1171,#994,.F.);
#1483=EDGE_CURVE('',#1167,#1171,#608,.T.);
#1484=EDGE_CURVE('',#1172,#1167,#609,.T.);
#1485=EDGE_CURVE('',#1171,#1173,#610,.F.);
#1486=EDGE_CURVE('',#1172,#1173,#611,.F.);
#1487=EDGE_CURVE('',#1169,#1174,#612,.T.);
#1488=EDGE_CURVE('',#1150,#1174,#613,.F.);
#1489=EDGE_CURVE('',#1175,#1176,#21,.T.);
#1490=EDGE_CURVE('',#1176,#1177,#995,.F.);
#1491=EDGE_CURVE('',#1160,#1177,#614,.F.);
#1492=EDGE_CURVE('',#1175,#1159,#615,.T.);
#1493=EDGE_CURVE('',#1178,#1175,#616,.T.);
#1494=EDGE_CURVE('',#1178,#1158,#617,.F.);
#1495=EDGE_CURVE('',#1179,#1152,#22,.T.);
#1496=EDGE_CURVE('',#1151,#1180,#618,.T.);
#1497=EDGE_CURVE('',#1180,#1181,#996,.F.);
#1498=EDGE_CURVE('',#1179,#1181,#619,.T.);
#1499=EDGE_CURVE('',#1182,#1179,#620,.T.);
#1500=EDGE_CURVE('',#1181,#1183,#621,.F.);
#1501=EDGE_CURVE('',#1183,#1182,#622,.F.);
#1502=EDGE_CURVE('',#1161,#1184,#623,.F.);
#1503=EDGE_CURVE('',#1182,#1185,#624,.T.);
#1504=EDGE_CURVE('',#1185,#1186,#625,.T.);
#1505=EDGE_CURVE('',#1186,#1184,#23,.T.);
#1506=EDGE_CURVE('',#1187,#1188,#24,.T.);
#1507=EDGE_CURVE('',#1189,#1188,#626,.T.);
#1508=EDGE_CURVE('',#1189,#1187,#997,.F.);
#1509=EDGE_CURVE('',#1188,#1190,#627,.T.);
#1510=EDGE_CURVE('',#1191,#1190,#628,.F.);
#1511=EDGE_CURVE('',#1191,#1189,#629,.F.);
#1512=EDGE_CURVE('',#1155,#1192,#25,.T.);
#1513=EDGE_CURVE('',#1156,#1192,#630,.T.);
#1514=EDGE_CURVE('',#1192,#1193,#631,.T.);
#1515=EDGE_CURVE('',#1193,#1157,#632,.F.);
#1516=EDGE_CURVE('',#1163,#1187,#633,.T.);
#1517=EDGE_CURVE('',#1166,#1194,#634,.F.);
#1518=EDGE_CURVE('',#1194,#1195,#635,.T.);
#1519=EDGE_CURVE('',#1195,#1190,#636,.F.);
#1520=EDGE_CURVE('',#1196,#1162,#637,.T.);
#1521=EDGE_CURVE('',#1196,#1193,#638,.F.);
#1522=EDGE_CURVE('',#1197,#1198,#639,.T.);
#1523=EDGE_CURVE('',#1198,#1199,#640,.F.);
#1524=EDGE_CURVE('',#1199,#1200,#641,.F.);
#1525=EDGE_CURVE('',#1200,#1197,#642,.F.);
#1526=EDGE_CURVE('',#1201,#1196,#643,.T.);
#1527=EDGE_CURVE('',#1202,#1201,#644,.T.);
#1528=EDGE_CURVE('',#1178,#1202,#645,.T.);
#1529=EDGE_CURVE('',#1176,#1164,#646,.T.);
#1530=EDGE_CURVE('',#1202,#1203,#647,.F.);
#1531=EDGE_CURVE('',#1203,#1204,#26,.T.);
#1532=EDGE_CURVE('',#1165,#1204,#648,.F.);
#1533=EDGE_CURVE('',#1204,#1205,#27,.T.);
#1534=EDGE_CURVE('',#1206,#1205,#649,.F.);
#1535=EDGE_CURVE('',#1166,#1206,#650,.F.);
#1536=EDGE_CURVE('',#1194,#1198,#998,.T.);
#1537=EDGE_CURVE('',#1197,#1195,#999,.T.);
#1538=EDGE_CURVE('',#1206,#1199,#651,.F.);
#1539=EDGE_CURVE('',#1184,#1207,#28,.T.);
#1540=EDGE_CURVE('',#1201,#1207,#652,.F.);
#1541=EDGE_CURVE('',#1207,#1203,#29,.T.);
#1542=EDGE_CURVE('',#1205,#1186,#30,.T.);
#1543=EDGE_CURVE('',#1185,#1200,#653,.T.);
#1544=EDGE_CURVE('',#1183,#1191,#654,.F.);
#1545=EDGE_CURVE('',#1208,#1208,#1000,.T.);
#1546=EDGE_CURVE('',#1208,#1209,#655,.T.);
#1547=EDGE_CURVE('',#1209,#1209,#1001,.F.);
#1548=EDGE_CURVE('',#1210,#1210,#1002,.T.);
#1549=EDGE_CURVE('',#1210,#1211,#656,.T.);
#1550=EDGE_CURVE('',#1211,#1211,#1003,.T.);
#1551=EDGE_CURVE('',#1147,#1212,#657,.F.);
#1552=EDGE_CURVE('',#1212,#1170,#658,.F.);
#1553=EDGE_CURVE('',#1146,#1213,#659,.F.);
#1554=EDGE_CURVE('',#1213,#1212,#660,.F.);
#1555=EDGE_CURVE('',#1144,#1214,#661,.F.);
#1556=EDGE_CURVE('',#1214,#1215,#662,.F.);
#1557=EDGE_CURVE('',#1145,#1215,#663,.T.);
#1558=EDGE_CURVE('',#1143,#1216,#664,.F.);
#1559=EDGE_CURVE('',#1216,#1214,#665,.F.);
#1560=EDGE_CURVE('',#1217,#1217,#1004,.T.);
#1561=EDGE_CURVE('',#1217,#1168,#666,.T.);
#1562=EDGE_CURVE('',#1172,#1174,#1005,.T.);
#1563=EDGE_CURVE('',#1218,#1219,#667,.T.);
#1564=EDGE_CURVE('',#1219,#1220,#668,.T.);
#1565=EDGE_CURVE('',#1221,#1220,#669,.F.);
#1566=EDGE_CURVE('',#1218,#1221,#670,.F.);
#1567=EDGE_CURVE('',#1222,#1218,#671,.T.);
#1568=EDGE_CURVE('',#1223,#1221,#672,.F.);
#1569=EDGE_CURVE('',#1222,#1223,#673,.F.);
#1570=EDGE_CURVE('',#1224,#1222,#674,.T.);
#1571=EDGE_CURVE('',#1225,#1223,#675,.F.);
#1572=EDGE_CURVE('',#1224,#1225,#676,.F.);
#1573=EDGE_CURVE('',#1226,#1224,#677,.T.);
#1574=EDGE_CURVE('',#1227,#1225,#678,.F.);
#1575=EDGE_CURVE('',#1226,#1227,#679,.F.);
#1576=EDGE_CURVE('',#1228,#1226,#680,.T.);
#1577=EDGE_CURVE('',#1229,#1227,#681,.F.);
#1578=EDGE_CURVE('',#1228,#1229,#682,.F.);
#1579=EDGE_CURVE('',#1219,#1228,#683,.T.);
#1580=EDGE_CURVE('',#1220,#1229,#684,.F.);
#1581=EDGE_CURVE('',#1141,#1230,#685,.F.);
#1582=EDGE_CURVE('',#1230,#1231,#686,.F.);
#1583=EDGE_CURVE('',#1142,#1231,#687,.F.);
#1584=EDGE_CURVE('',#1177,#1230,#688,.F.);
#1585=EDGE_CURVE('',#1173,#1180,#689,.F.);
#1586=EDGE_CURVE('',#1215,#1213,#1006,.F.);
#1587=EDGE_CURVE('',#1231,#1216,#1007,.F.);
#1588=ORIENTED_EDGE('',*,*,#1232,.F.);
#1589=ORIENTED_EDGE('',*,*,#1233,.T.);
#1590=ORIENTED_EDGE('',*,*,#1234,.F.);
#1591=ORIENTED_EDGE('',*,*,#1233,.F.);
#1592=ORIENTED_EDGE('',*,*,#1235,.T.);
#1593=ORIENTED_EDGE('',*,*,#1236,.T.);
#1594=ORIENTED_EDGE('',*,*,#1237,.T.);
#1595=ORIENTED_EDGE('',*,*,#1238,.T.);
#1596=ORIENTED_EDGE('',*,*,#1239,.T.);
#1597=ORIENTED_EDGE('',*,*,#1240,.T.);
#1598=ORIENTED_EDGE('',*,*,#1237,.F.);
#1599=ORIENTED_EDGE('',*,*,#1241,.T.);
#1600=ORIENTED_EDGE('',*,*,#1242,.T.);
#1601=ORIENTED_EDGE('',*,*,#1235,.F.);
#1602=ORIENTED_EDGE('',*,*,#1243,.T.);
#1603=ORIENTED_EDGE('',*,*,#1244,.T.);
#1604=ORIENTED_EDGE('',*,*,#1245,.T.);
#1605=ORIENTED_EDGE('',*,*,#1244,.F.);
#1606=ORIENTED_EDGE('',*,*,#1246,.T.);
#1607=ORIENTED_EDGE('',*,*,#1243,.F.);
#1608=ORIENTED_EDGE('',*,*,#1238,.F.);
#1609=ORIENTED_EDGE('',*,*,#1247,.T.);
#1610=ORIENTED_EDGE('',*,*,#1248,.F.);
#1611=ORIENTED_EDGE('',*,*,#1249,.F.);
#1612=ORIENTED_EDGE('',*,*,#1250,.T.);
#1613=ORIENTED_EDGE('',*,*,#1240,.F.);
#1614=ORIENTED_EDGE('',*,*,#1251,.F.);
#1615=ORIENTED_EDGE('',*,*,#1252,.F.);
#1616=ORIENTED_EDGE('',*,*,#1247,.F.);
#1617=ORIENTED_EDGE('',*,*,#1232,.T.);
#1618=ORIENTED_EDGE('',*,*,#1253,.T.);
#1619=ORIENTED_EDGE('',*,*,#1254,.T.);
#1620=ORIENTED_EDGE('',*,*,#1255,.T.);
#1621=ORIENTED_EDGE('',*,*,#1256,.T.);
#1622=ORIENTED_EDGE('',*,*,#1257,.T.);
#1623=ORIENTED_EDGE('',*,*,#1258,.T.);
#1624=ORIENTED_EDGE('',*,*,#1259,.T.);
#1625=ORIENTED_EDGE('',*,*,#1260,.T.);
#1626=ORIENTED_EDGE('',*,*,#1261,.T.);
#1627=ORIENTED_EDGE('',*,*,#1262,.T.);
#1628=ORIENTED_EDGE('',*,*,#1239,.F.);
#1629=ORIENTED_EDGE('',*,*,#1263,.T.);
#1630=ORIENTED_EDGE('',*,*,#1264,.F.);
#1631=ORIENTED_EDGE('',*,*,#1265,.T.);
#1632=ORIENTED_EDGE('',*,*,#1266,.F.);
#1633=ORIENTED_EDGE('',*,*,#1251,.T.);
#1634=ORIENTED_EDGE('',*,*,#1267,.T.);
#1635=ORIENTED_EDGE('',*,*,#1268,.T.);
#1636=ORIENTED_EDGE('',*,*,#1269,.T.);
#1637=ORIENTED_EDGE('',*,*,#1248,.T.);
#1638=ORIENTED_EDGE('',*,*,#1266,.T.);
#1639=ORIENTED_EDGE('',*,*,#1270,.T.);
#1640=ORIENTED_EDGE('',*,*,#1267,.F.);
#1641=ORIENTED_EDGE('',*,*,#1252,.T.);
#1642=ORIENTED_EDGE('',*,*,#1271,.F.);
#1643=ORIENTED_EDGE('',*,*,#1272,.T.);
#1644=ORIENTED_EDGE('',*,*,#1249,.T.);
#1645=ORIENTED_EDGE('',*,*,#1269,.F.);
#1646=ORIENTED_EDGE('',*,*,#1273,.F.);
#1647=ORIENTED_EDGE('',*,*,#1274,.T.);
#1648=ORIENTED_EDGE('',*,*,#1272,.F.);
#1649=ORIENTED_EDGE('',*,*,#1268,.F.);
#1650=ORIENTED_EDGE('',*,*,#1270,.F.);
#1651=ORIENTED_EDGE('',*,*,#1265,.F.);
#1652=ORIENTED_EDGE('',*,*,#1275,.T.);
#1653=ORIENTED_EDGE('',*,*,#1276,.F.);
#1654=ORIENTED_EDGE('',*,*,#1277,.F.);
#1655=ORIENTED_EDGE('',*,*,#1278,.T.);
#1656=ORIENTED_EDGE('',*,*,#1279,.T.);
#1657=ORIENTED_EDGE('',*,*,#1280,.T.);
#1658=ORIENTED_EDGE('',*,*,#1281,.T.);
#1659=ORIENTED_EDGE('',*,*,#1282,.T.);
#1660=ORIENTED_EDGE('',*,*,#1279,.F.);
#1661=ORIENTED_EDGE('',*,*,#1283,.T.);
#1662=ORIENTED_EDGE('',*,*,#1284,.T.);
#1663=ORIENTED_EDGE('',*,*,#1285,.T.);
#1664=ORIENTED_EDGE('',*,*,#1281,.F.);
#1665=ORIENTED_EDGE('',*,*,#1286,.T.);
#1666=ORIENTED_EDGE('',*,*,#1287,.T.);
#1667=ORIENTED_EDGE('',*,*,#1278,.F.);
#1668=ORIENTED_EDGE('',*,*,#1288,.T.);
#1669=ORIENTED_EDGE('',*,*,#1289,.T.);
#1670=ORIENTED_EDGE('',*,*,#1290,.T.);
#1671=ORIENTED_EDGE('',*,*,#1284,.F.);
#1672=ORIENTED_EDGE('',*,*,#1291,.T.);
#1673=ORIENTED_EDGE('',*,*,#1280,.F.);
#1674=ORIENTED_EDGE('',*,*,#1292,.T.);
#1675=ORIENTED_EDGE('',*,*,#1293,.F.);
#1676=ORIENTED_EDGE('',*,*,#1294,.T.);
#1677=ORIENTED_EDGE('',*,*,#1282,.F.);
#1678=ORIENTED_EDGE('',*,*,#1295,.F.);
#1679=ORIENTED_EDGE('',*,*,#1296,.T.);
#1680=ORIENTED_EDGE('',*,*,#1292,.F.);
#1681=ORIENTED_EDGE('',*,*,#1285,.F.);
#1682=ORIENTED_EDGE('',*,*,#1297,.T.);
#1683=ORIENTED_EDGE('',*,*,#1298,.T.);
#1684=ORIENTED_EDGE('',*,*,#1295,.T.);
#1685=ORIENTED_EDGE('',*,*,#1290,.F.);
#1686=ORIENTED_EDGE('',*,*,#1299,.T.);
#1687=ORIENTED_EDGE('',*,*,#1300,.F.);
#1688=ORIENTED_EDGE('',*,*,#1301,.T.);
#1689=ORIENTED_EDGE('',*,*,#1302,.F.);
#1690=ORIENTED_EDGE('',*,*,#1303,.F.);
#1691=ORIENTED_EDGE('',*,*,#1304,.F.);
#1692=ORIENTED_EDGE('',*,*,#1305,.F.);
#1693=ORIENTED_EDGE('',*,*,#1306,.F.);
#1694=ORIENTED_EDGE('',*,*,#1307,.F.);
#1695=ORIENTED_EDGE('',*,*,#1308,.F.);
#1696=ORIENTED_EDGE('',*,*,#1297,.F.);
#1697=ORIENTED_EDGE('',*,*,#1309,.T.);
#1698=ORIENTED_EDGE('',*,*,#1310,.T.);
#1699=ORIENTED_EDGE('',*,*,#1311,.T.);
#1700=ORIENTED_EDGE('',*,*,#1312,.T.);
#1701=ORIENTED_EDGE('',*,*,#1313,.T.);
#1702=ORIENTED_EDGE('',*,*,#1314,.T.);
#1703=ORIENTED_EDGE('',*,*,#1315,.T.);
#1704=ORIENTED_EDGE('',*,*,#1316,.T.);
#1705=ORIENTED_EDGE('',*,*,#1317,.T.);
#1706=ORIENTED_EDGE('',*,*,#1318,.T.);
#1707=ORIENTED_EDGE('',*,*,#1315,.F.);
#1708=ORIENTED_EDGE('',*,*,#1319,.T.);
#1709=ORIENTED_EDGE('',*,*,#1320,.T.);
#1710=ORIENTED_EDGE('',*,*,#1321,.T.);
#1711=ORIENTED_EDGE('',*,*,#1317,.F.);
#1712=ORIENTED_EDGE('',*,*,#1322,.T.);
#1713=ORIENTED_EDGE('',*,*,#1323,.T.);
#1714=ORIENTED_EDGE('',*,*,#1314,.F.);
#1715=ORIENTED_EDGE('',*,*,#1302,.T.);
#1716=ORIENTED_EDGE('',*,*,#1324,.T.);
#1717=ORIENTED_EDGE('',*,*,#1325,.T.);
#1718=ORIENTED_EDGE('',*,*,#1320,.F.);
#1719=ORIENTED_EDGE('',*,*,#1326,.T.);
#1720=ORIENTED_EDGE('',*,*,#1326,.F.);
#1721=ORIENTED_EDGE('',*,*,#1319,.F.);
#1722=ORIENTED_EDGE('',*,*,#1323,.F.);
#1723=ORIENTED_EDGE('',*,*,#1327,.F.);
#1724=ORIENTED_EDGE('',*,*,#1324,.F.);
#1725=ORIENTED_EDGE('',*,*,#1327,.T.);
#1726=ORIENTED_EDGE('',*,*,#1322,.F.);
#1727=ORIENTED_EDGE('',*,*,#1301,.F.);
#1728=ORIENTED_EDGE('',*,*,#1328,.F.);
#1729=ORIENTED_EDGE('',*,*,#1329,.F.);
#1730=ORIENTED_EDGE('',*,*,#1330,.F.);
#1731=ORIENTED_EDGE('',*,*,#1331,.F.);
#1732=ORIENTED_EDGE('',*,*,#1332,.T.);
#1733=ORIENTED_EDGE('',*,*,#1333,.T.);
#1734=ORIENTED_EDGE('',*,*,#1334,.T.);
#1735=ORIENTED_EDGE('',*,*,#1335,.T.);
#1736=ORIENTED_EDGE('',*,*,#1336,.T.);
#1737=ORIENTED_EDGE('',*,*,#1337,.T.);
#1738=ORIENTED_EDGE('',*,*,#1333,.F.);
#1739=ORIENTED_EDGE('',*,*,#1338,.T.);
#1740=ORIENTED_EDGE('',*,*,#1336,.F.);
#1741=ORIENTED_EDGE('',*,*,#1339,.T.);
#1742=ORIENTED_EDGE('',*,*,#1340,.T.);
#1743=ORIENTED_EDGE('',*,*,#1338,.F.);
#1744=ORIENTED_EDGE('',*,*,#1341,.F.);
#1745=ORIENTED_EDGE('',*,*,#1342,.F.);
#1746=ORIENTED_EDGE('',*,*,#1343,.F.);
#1747=ORIENTED_EDGE('',*,*,#1344,.T.);
#1748=ORIENTED_EDGE('',*,*,#1345,.T.);
#1749=ORIENTED_EDGE('',*,*,#1346,.T.);
#1750=ORIENTED_EDGE('',*,*,#1347,.T.);
#1751=ORIENTED_EDGE('',*,*,#1348,.T.);
#1752=ORIENTED_EDGE('',*,*,#1349,.T.);
#1753=ORIENTED_EDGE('',*,*,#1335,.F.);
#1754=ORIENTED_EDGE('',*,*,#1350,.T.);
#1755=ORIENTED_EDGE('',*,*,#1351,.T.);
#1756=ORIENTED_EDGE('',*,*,#1341,.T.);
#1757=ORIENTED_EDGE('',*,*,#1334,.F.);
#1758=ORIENTED_EDGE('',*,*,#1352,.T.);
#1759=ORIENTED_EDGE('',*,*,#1353,.F.);
#1760=ORIENTED_EDGE('',*,*,#1354,.T.);
#1761=ORIENTED_EDGE('',*,*,#1355,.T.);
#1762=ORIENTED_EDGE('',*,*,#1356,.T.);
#1763=ORIENTED_EDGE('',*,*,#1357,.T.);
#1764=ORIENTED_EDGE('',*,*,#1358,.T.);
#1765=ORIENTED_EDGE('',*,*,#1359,.T.);
#1766=ORIENTED_EDGE('',*,*,#1355,.F.);
#1767=ORIENTED_EDGE('',*,*,#1360,.T.);
#1768=ORIENTED_EDGE('',*,*,#1358,.F.);
#1769=ORIENTED_EDGE('',*,*,#1361,.T.);
#1770=ORIENTED_EDGE('',*,*,#1362,.T.);
#1771=ORIENTED_EDGE('',*,*,#1360,.F.);
#1772=ORIENTED_EDGE('',*,*,#1363,.F.);
#1773=ORIENTED_EDGE('',*,*,#1296,.F.);
#1774=ORIENTED_EDGE('',*,*,#1364,.F.);
#1775=ORIENTED_EDGE('',*,*,#1357,.F.);
#1776=ORIENTED_EDGE('',*,*,#1365,.T.);
#1777=ORIENTED_EDGE('',*,*,#1293,.T.);
#1778=ORIENTED_EDGE('',*,*,#1363,.T.);
#1779=ORIENTED_EDGE('',*,*,#1356,.F.);
#1780=ORIENTED_EDGE('',*,*,#1366,.T.);
#1781=ORIENTED_EDGE('',*,*,#1367,.F.);
#1782=ORIENTED_EDGE('',*,*,#1368,.T.);
#1783=ORIENTED_EDGE('',*,*,#1236,.F.);
#1784=ORIENTED_EDGE('',*,*,#1369,.F.);
#1785=ORIENTED_EDGE('',*,*,#1370,.F.);
#1786=ORIENTED_EDGE('',*,*,#1371,.T.);
#1787=ORIENTED_EDGE('',*,*,#1263,.F.);
#1788=ORIENTED_EDGE('',*,*,#1241,.F.);
#1789=ORIENTED_EDGE('',*,*,#1246,.F.);
#1790=ORIENTED_EDGE('',*,*,#1250,.F.);
#1791=ORIENTED_EDGE('',*,*,#1274,.F.);
#1792=ORIENTED_EDGE('',*,*,#1372,.T.);
#1793=ORIENTED_EDGE('',*,*,#1350,.F.);
#1794=ORIENTED_EDGE('',*,*,#1354,.F.);
#1795=ORIENTED_EDGE('',*,*,#1373,.F.);
#1796=ORIENTED_EDGE('',*,*,#1325,.F.);
#1797=ORIENTED_EDGE('',*,*,#1331,.T.);
#1798=ORIENTED_EDGE('',*,*,#1374,.F.);
#1799=ORIENTED_EDGE('',*,*,#1375,.T.);
#1800=ORIENTED_EDGE('',*,*,#1288,.F.);
#1801=ORIENTED_EDGE('',*,*,#1294,.F.);
#1802=ORIENTED_EDGE('',*,*,#1365,.F.);
#1803=ORIENTED_EDGE('',*,*,#1368,.F.);
#1804=ORIENTED_EDGE('',*,*,#1376,.T.);
#1805=ORIENTED_EDGE('',*,*,#1377,.T.);
#1806=ORIENTED_EDGE('',*,*,#1369,.T.);
#1807=ORIENTED_EDGE('',*,*,#1242,.F.);
#1808=ORIENTED_EDGE('',*,*,#1245,.F.);
#1809=ORIENTED_EDGE('',*,*,#1376,.F.);
#1810=ORIENTED_EDGE('',*,*,#1367,.T.);
#1811=ORIENTED_EDGE('',*,*,#1378,.T.);
#1812=ORIENTED_EDGE('',*,*,#1374,.T.);
#1813=ORIENTED_EDGE('',*,*,#1330,.T.);
#1814=ORIENTED_EDGE('',*,*,#1379,.T.);
#1815=ORIENTED_EDGE('',*,*,#1379,.F.);
#1816=ORIENTED_EDGE('',*,*,#1329,.T.);
#1817=ORIENTED_EDGE('',*,*,#1380,.F.);
#1818=ORIENTED_EDGE('',*,*,#1381,.F.);
#1819=ORIENTED_EDGE('',*,*,#1382,.T.);
#1820=ORIENTED_EDGE('',*,*,#1383,.T.);
#1821=ORIENTED_EDGE('',*,*,#1384,.T.);
#1822=ORIENTED_EDGE('',*,*,#1385,.T.);
#1823=ORIENTED_EDGE('',*,*,#1386,.T.);
#1824=ORIENTED_EDGE('',*,*,#1387,.T.);
#1825=ORIENTED_EDGE('',*,*,#1321,.F.);
#1826=ORIENTED_EDGE('',*,*,#1373,.T.);
#1827=ORIENTED_EDGE('',*,*,#1353,.T.);
#1828=ORIENTED_EDGE('',*,*,#1388,.T.);
#1829=ORIENTED_EDGE('',*,*,#1372,.F.);
#1830=ORIENTED_EDGE('',*,*,#1273,.T.);
#1831=ORIENTED_EDGE('',*,*,#1271,.T.);
#1832=ORIENTED_EDGE('',*,*,#1277,.T.);
#1833=ORIENTED_EDGE('',*,*,#1389,.T.);
#1834=ORIENTED_EDGE('',*,*,#1351,.F.);
#1835=ORIENTED_EDGE('',*,*,#1318,.F.);
#1836=ORIENTED_EDGE('',*,*,#1388,.F.);
#1837=ORIENTED_EDGE('',*,*,#1390,.T.);
#1838=ORIENTED_EDGE('',*,*,#1391,.F.);
#1839=ORIENTED_EDGE('',*,*,#1337,.F.);
#1840=ORIENTED_EDGE('',*,*,#1392,.F.);
#1841=ORIENTED_EDGE('',*,*,#1390,.F.);
#1842=ORIENTED_EDGE('',*,*,#1352,.F.);
#1843=ORIENTED_EDGE('',*,*,#1389,.F.);
#1844=ORIENTED_EDGE('',*,*,#1276,.T.);
#1845=ORIENTED_EDGE('',*,*,#1393,.F.);
#1846=ORIENTED_EDGE('',*,*,#1342,.T.);
#1847=ORIENTED_EDGE('',*,*,#1361,.F.);
#1848=ORIENTED_EDGE('',*,*,#1364,.T.);
#1849=ORIENTED_EDGE('',*,*,#1298,.F.);
#1850=ORIENTED_EDGE('',*,*,#1308,.T.);
#1851=ORIENTED_EDGE('',*,*,#1362,.F.);
#1852=ORIENTED_EDGE('',*,*,#1307,.T.);
#1853=ORIENTED_EDGE('',*,*,#1394,.T.);
#1854=ORIENTED_EDGE('',*,*,#1395,.T.);
#1855=ORIENTED_EDGE('',*,*,#1275,.F.);
#1856=ORIENTED_EDGE('',*,*,#1264,.T.);
#1857=ORIENTED_EDGE('',*,*,#1371,.F.);
#1858=ORIENTED_EDGE('',*,*,#1396,.T.);
#1859=ORIENTED_EDGE('',*,*,#1394,.F.);
#1860=ORIENTED_EDGE('',*,*,#1306,.T.);
#1861=ORIENTED_EDGE('',*,*,#1397,.T.);
#1862=ORIENTED_EDGE('',*,*,#1393,.T.);
#1863=ORIENTED_EDGE('',*,*,#1339,.F.);
#1864=ORIENTED_EDGE('',*,*,#1343,.T.);
#1865=ORIENTED_EDGE('',*,*,#1397,.F.);
#1866=ORIENTED_EDGE('',*,*,#1305,.T.);
#1867=ORIENTED_EDGE('',*,*,#1340,.F.);
#1868=ORIENTED_EDGE('',*,*,#1304,.T.);
#1869=ORIENTED_EDGE('',*,*,#1398,.T.);
#1870=ORIENTED_EDGE('',*,*,#1392,.T.);
#1871=ORIENTED_EDGE('',*,*,#1316,.F.);
#1872=ORIENTED_EDGE('',*,*,#1391,.T.);
#1873=ORIENTED_EDGE('',*,*,#1398,.F.);
#1874=ORIENTED_EDGE('',*,*,#1303,.T.);
#1875=ORIENTED_EDGE('',*,*,#1359,.F.);
#1876=ORIENTED_EDGE('',*,*,#1395,.F.);
#1877=ORIENTED_EDGE('',*,*,#1399,.T.);
#1878=ORIENTED_EDGE('',*,*,#1366,.F.);
#1879=ORIENTED_EDGE('',*,*,#1400,.T.);
#1880=ORIENTED_EDGE('',*,*,#1377,.F.);
#1881=ORIENTED_EDGE('',*,*,#1399,.F.);
#1882=ORIENTED_EDGE('',*,*,#1396,.F.);
#1883=ORIENTED_EDGE('',*,*,#1370,.T.);
#1884=ORIENTED_EDGE('',*,*,#1328,.T.);
#1885=ORIENTED_EDGE('',*,*,#1300,.T.);
#1886=ORIENTED_EDGE('',*,*,#1401,.T.);
#1887=ORIENTED_EDGE('',*,*,#1380,.T.);
#1888=ORIENTED_EDGE('',*,*,#1313,.F.);
#1889=ORIENTED_EDGE('',*,*,#1402,.T.);
#1890=ORIENTED_EDGE('',*,*,#1403,.F.);
#1891=ORIENTED_EDGE('',*,*,#1402,.F.);
#1892=ORIENTED_EDGE('',*,*,#1312,.F.);
#1893=ORIENTED_EDGE('',*,*,#1404,.T.);
#1894=ORIENTED_EDGE('',*,*,#1405,.F.);
#1895=ORIENTED_EDGE('',*,*,#1404,.F.);
#1896=ORIENTED_EDGE('',*,*,#1311,.F.);
#1897=ORIENTED_EDGE('',*,*,#1406,.T.);
#1898=ORIENTED_EDGE('',*,*,#1407,.F.);
#1899=ORIENTED_EDGE('',*,*,#1406,.F.);
#1900=ORIENTED_EDGE('',*,*,#1310,.F.);
#1901=ORIENTED_EDGE('',*,*,#1408,.T.);
#1902=ORIENTED_EDGE('',*,*,#1409,.F.);
#1903=ORIENTED_EDGE('',*,*,#1408,.F.);
#1904=ORIENTED_EDGE('',*,*,#1309,.F.);
#1905=ORIENTED_EDGE('',*,*,#1410,.T.);
#1906=ORIENTED_EDGE('',*,*,#1411,.F.);
#1907=ORIENTED_EDGE('',*,*,#1410,.F.);
#1908=ORIENTED_EDGE('',*,*,#1412,.F.);
#1909=ORIENTED_EDGE('',*,*,#1413,.F.);
#1910=ORIENTED_EDGE('',*,*,#1414,.F.);
#1911=ORIENTED_EDGE('',*,*,#1415,.F.);
#1912=ORIENTED_EDGE('',*,*,#1416,.F.);
#1913=ORIENTED_EDGE('',*,*,#1417,.F.);
#1914=ORIENTED_EDGE('',*,*,#1418,.T.);
#1915=ORIENTED_EDGE('',*,*,#1345,.F.);
#1916=ORIENTED_EDGE('',*,*,#1419,.T.);
#1917=ORIENTED_EDGE('',*,*,#1412,.T.);
#1918=ORIENTED_EDGE('',*,*,#1420,.F.);
#1919=ORIENTED_EDGE('',*,*,#1346,.F.);
#1920=ORIENTED_EDGE('',*,*,#1420,.T.);
#1921=ORIENTED_EDGE('',*,*,#1417,.T.);
#1922=ORIENTED_EDGE('',*,*,#1421,.F.);
#1923=ORIENTED_EDGE('',*,*,#1347,.F.);
#1924=ORIENTED_EDGE('',*,*,#1421,.T.);
#1925=ORIENTED_EDGE('',*,*,#1416,.T.);
#1926=ORIENTED_EDGE('',*,*,#1422,.F.);
#1927=ORIENTED_EDGE('',*,*,#1348,.F.);
#1928=ORIENTED_EDGE('',*,*,#1422,.T.);
#1929=ORIENTED_EDGE('',*,*,#1415,.T.);
#1930=ORIENTED_EDGE('',*,*,#1423,.F.);
#1931=ORIENTED_EDGE('',*,*,#1349,.F.);
#1932=ORIENTED_EDGE('',*,*,#1423,.T.);
#1933=ORIENTED_EDGE('',*,*,#1414,.T.);
#1934=ORIENTED_EDGE('',*,*,#1424,.F.);
#1935=ORIENTED_EDGE('',*,*,#1344,.F.);
#1936=ORIENTED_EDGE('',*,*,#1424,.T.);
#1937=ORIENTED_EDGE('',*,*,#1413,.T.);
#1938=ORIENTED_EDGE('',*,*,#1419,.F.);
#1939=ORIENTED_EDGE('',*,*,#1425,.F.);
#1940=ORIENTED_EDGE('',*,*,#1426,.T.);
#1941=ORIENTED_EDGE('',*,*,#1400,.F.);
#1942=ORIENTED_EDGE('',*,*,#1427,.T.);
#1943=ORIENTED_EDGE('',*,*,#1425,.T.);
#1944=ORIENTED_EDGE('',*,*,#1427,.F.);
#1945=ORIENTED_EDGE('',*,*,#1286,.F.);
#1946=ORIENTED_EDGE('',*,*,#1375,.F.);
#1947=ORIENTED_EDGE('',*,*,#1378,.F.);
#1948=ORIENTED_EDGE('',*,*,#1381,.T.);
#1949=ORIENTED_EDGE('',*,*,#1401,.F.);
#1950=ORIENTED_EDGE('',*,*,#1299,.F.);
#1951=ORIENTED_EDGE('',*,*,#1289,.F.);
#1952=ORIENTED_EDGE('',*,*,#1428,.T.);
#1953=ORIENTED_EDGE('',*,*,#1429,.T.);
#1954=ORIENTED_EDGE('',*,*,#1287,.F.);
#1955=ORIENTED_EDGE('',*,*,#1428,.F.);
#1956=ORIENTED_EDGE('',*,*,#1291,.F.);
#1957=ORIENTED_EDGE('',*,*,#1283,.F.);
#1958=ORIENTED_EDGE('',*,*,#1426,.F.);
#1959=ORIENTED_EDGE('',*,*,#1430,.T.);
#1960=ORIENTED_EDGE('',*,*,#1429,.F.);
#1961=ORIENTED_EDGE('',*,*,#1430,.F.);
#1962=ORIENTED_EDGE('',*,*,#1418,.F.);
#1963=ORIENTED_EDGE('',*,*,#1431,.T.);
#1964=ORIENTED_EDGE('',*,*,#1332,.F.);
#1965=ORIENTED_EDGE('',*,*,#1431,.F.);
#1966=ORIENTED_EDGE('',*,*,#1432,.T.);
#1967=ORIENTED_EDGE('',*,*,#1254,.F.);
#1968=ORIENTED_EDGE('',*,*,#1433,.T.);
#1969=ORIENTED_EDGE('',*,*,#1383,.F.);
#1970=ORIENTED_EDGE('',*,*,#1434,.F.);
#1971=ORIENTED_EDGE('',*,*,#1435,.T.);
#1972=ORIENTED_EDGE('',*,*,#1436,.T.);
#1973=ORIENTED_EDGE('',*,*,#1434,.T.);
#1974=ORIENTED_EDGE('',*,*,#1382,.F.);
#1975=ORIENTED_EDGE('',*,*,#1437,.F.);
#1976=ORIENTED_EDGE('',*,*,#1387,.F.);
#1977=ORIENTED_EDGE('',*,*,#1438,.F.);
#1978=ORIENTED_EDGE('',*,*,#1259,.F.);
#1979=ORIENTED_EDGE('',*,*,#1439,.T.);
#1980=ORIENTED_EDGE('',*,*,#1437,.T.);
#1981=ORIENTED_EDGE('',*,*,#1386,.F.);
#1982=ORIENTED_EDGE('',*,*,#1440,.F.);
#1983=ORIENTED_EDGE('',*,*,#1260,.F.);
#1984=ORIENTED_EDGE('',*,*,#1438,.T.);
#1985=ORIENTED_EDGE('',*,*,#1385,.F.);
#1986=ORIENTED_EDGE('',*,*,#1441,.F.);
#1987=ORIENTED_EDGE('',*,*,#1261,.F.);
#1988=ORIENTED_EDGE('',*,*,#1440,.T.);
#1989=ORIENTED_EDGE('',*,*,#1442,.T.);
#1990=ORIENTED_EDGE('',*,*,#1443,.T.);
#1991=ORIENTED_EDGE('',*,*,#1444,.T.);
#1992=ORIENTED_EDGE('',*,*,#1262,.F.);
#1993=ORIENTED_EDGE('',*,*,#1441,.T.);
#1994=ORIENTED_EDGE('',*,*,#1384,.F.);
#1995=ORIENTED_EDGE('',*,*,#1433,.F.);
#1996=ORIENTED_EDGE('',*,*,#1253,.F.);
#1997=ORIENTED_EDGE('',*,*,#1443,.F.);
#1998=ORIENTED_EDGE('',*,*,#1445,.T.);
#1999=ORIENTED_EDGE('',*,*,#1435,.F.);
#2000=ORIENTED_EDGE('',*,*,#1436,.F.);
#2001=ORIENTED_EDGE('',*,*,#1446,.T.);
#2002=ORIENTED_EDGE('',*,*,#1447,.T.);
#2003=ORIENTED_EDGE('',*,*,#1448,.T.);
#2004=ORIENTED_EDGE('',*,*,#1234,.T.);
#2005=ORIENTED_EDGE('',*,*,#1258,.F.);
#2006=ORIENTED_EDGE('',*,*,#1449,.T.);
#2007=ORIENTED_EDGE('',*,*,#1446,.F.);
#2008=ORIENTED_EDGE('',*,*,#1439,.F.);
#2009=ORIENTED_EDGE('',*,*,#1257,.F.);
#2010=ORIENTED_EDGE('',*,*,#1450,.T.);
#2011=ORIENTED_EDGE('',*,*,#1447,.F.);
#2012=ORIENTED_EDGE('',*,*,#1449,.F.);
#2013=ORIENTED_EDGE('',*,*,#1442,.F.);
#2014=ORIENTED_EDGE('',*,*,#1255,.F.);
#2015=ORIENTED_EDGE('',*,*,#1432,.F.);
#2016=ORIENTED_EDGE('',*,*,#1445,.F.);
#2017=ORIENTED_EDGE('',*,*,#1444,.F.);
#2018=ORIENTED_EDGE('',*,*,#1448,.F.);
#2019=ORIENTED_EDGE('',*,*,#1450,.F.);
#2020=ORIENTED_EDGE('',*,*,#1256,.F.);
#2021=ORIENTED_EDGE('',*,*,#1451,.T.);
#2022=ORIENTED_EDGE('',*,*,#1452,.T.);
#2023=ORIENTED_EDGE('',*,*,#1453,.T.);
#2024=ORIENTED_EDGE('',*,*,#1454,.T.);
#2025=ORIENTED_EDGE('',*,*,#1455,.T.);
#2026=ORIENTED_EDGE('',*,*,#1456,.T.);
#2027=ORIENTED_EDGE('',*,*,#1457,.T.);
#2028=ORIENTED_EDGE('',*,*,#1458,.T.);
#2029=ORIENTED_EDGE('',*,*,#1459,.T.);
#2030=ORIENTED_EDGE('',*,*,#1460,.T.);
#2031=ORIENTED_EDGE('',*,*,#1461,.T.);
#2032=ORIENTED_EDGE('',*,*,#1462,.T.);
#2033=ORIENTED_EDGE('',*,*,#1463,.T.);
#2034=ORIENTED_EDGE('',*,*,#1464,.T.);
#2035=ORIENTED_EDGE('',*,*,#1465,.T.);
#2036=ORIENTED_EDGE('',*,*,#1466,.T.);
#2037=ORIENTED_EDGE('',*,*,#1467,.T.);
#2038=ORIENTED_EDGE('',*,*,#1468,.T.);
#2039=ORIENTED_EDGE('',*,*,#1469,.T.);
#2040=ORIENTED_EDGE('',*,*,#1470,.T.);
#2041=ORIENTED_EDGE('',*,*,#1403,.T.);
#2042=ORIENTED_EDGE('',*,*,#1405,.T.);
#2043=ORIENTED_EDGE('',*,*,#1407,.T.);
#2044=ORIENTED_EDGE('',*,*,#1409,.T.);
#2045=ORIENTED_EDGE('',*,*,#1411,.T.);
#2046=ORIENTED_EDGE('',*,*,#1463,.F.);
#2047=ORIENTED_EDGE('',*,*,#1471,.T.);
#2048=ORIENTED_EDGE('',*,*,#1472,.T.);
#2049=ORIENTED_EDGE('',*,*,#1473,.F.);
#2050=ORIENTED_EDGE('',*,*,#1474,.T.);
#2051=ORIENTED_EDGE('',*,*,#1475,.T.);
#2052=ORIENTED_EDGE('',*,*,#1476,.F.);
#2053=ORIENTED_EDGE('',*,*,#1477,.T.);
#2054=ORIENTED_EDGE('',*,*,#1478,.T.);
#2055=ORIENTED_EDGE('',*,*,#1479,.T.);
#2056=ORIENTED_EDGE('',*,*,#1480,.F.);
#2057=ORIENTED_EDGE('',*,*,#1458,.F.);
#2058=ORIENTED_EDGE('',*,*,#1481,.T.);
#2059=ORIENTED_EDGE('',*,*,#1482,.T.);
#2060=ORIENTED_EDGE('',*,*,#1483,.F.);
#2061=ORIENTED_EDGE('',*,*,#1484,.T.);
#2062=ORIENTED_EDGE('',*,*,#1483,.T.);
#2063=ORIENTED_EDGE('',*,*,#1485,.T.);
#2064=ORIENTED_EDGE('',*,*,#1486,.F.);
#2065=ORIENTED_EDGE('',*,*,#1487,.T.);
#2066=ORIENTED_EDGE('',*,*,#1488,.F.);
#2067=ORIENTED_EDGE('',*,*,#1459,.F.);
#2068=ORIENTED_EDGE('',*,*,#1480,.T.);
#2069=ORIENTED_EDGE('',*,*,#1489,.T.);
#2070=ORIENTED_EDGE('',*,*,#1490,.T.);
#2071=ORIENTED_EDGE('',*,*,#1491,.F.);
#2072=ORIENTED_EDGE('',*,*,#1469,.F.);
#2073=ORIENTED_EDGE('',*,*,#1492,.F.);
#2074=ORIENTED_EDGE('',*,*,#1493,.T.);
#2075=ORIENTED_EDGE('',*,*,#1492,.T.);
#2076=ORIENTED_EDGE('',*,*,#1468,.F.);
#2077=ORIENTED_EDGE('',*,*,#1494,.F.);
#2078=ORIENTED_EDGE('',*,*,#1495,.T.);
#2079=ORIENTED_EDGE('',*,*,#1461,.F.);
#2080=ORIENTED_EDGE('',*,*,#1496,.T.);
#2081=ORIENTED_EDGE('',*,*,#1497,.T.);
#2082=ORIENTED_EDGE('',*,*,#1498,.F.);
#2083=ORIENTED_EDGE('',*,*,#1499,.T.);
#2084=ORIENTED_EDGE('',*,*,#1498,.T.);
#2085=ORIENTED_EDGE('',*,*,#1500,.T.);
#2086=ORIENTED_EDGE('',*,*,#1501,.T.);
#2087=ORIENTED_EDGE('',*,*,#1502,.F.);
#2088=ORIENTED_EDGE('',*,*,#1471,.F.);
#2089=ORIENTED_EDGE('',*,*,#1462,.F.);
#2090=ORIENTED_EDGE('',*,*,#1495,.F.);
#2091=ORIENTED_EDGE('',*,*,#1499,.F.);
#2092=ORIENTED_EDGE('',*,*,#1503,.T.);
#2093=ORIENTED_EDGE('',*,*,#1504,.T.);
#2094=ORIENTED_EDGE('',*,*,#1505,.T.);
#2095=ORIENTED_EDGE('',*,*,#1506,.T.);
#2096=ORIENTED_EDGE('',*,*,#1507,.F.);
#2097=ORIENTED_EDGE('',*,*,#1508,.T.);
#2098=ORIENTED_EDGE('',*,*,#1509,.T.);
#2099=ORIENTED_EDGE('',*,*,#1510,.F.);
#2100=ORIENTED_EDGE('',*,*,#1511,.T.);
#2101=ORIENTED_EDGE('',*,*,#1507,.T.);
#2102=ORIENTED_EDGE('',*,*,#1512,.T.);
#2103=ORIENTED_EDGE('',*,*,#1513,.F.);
#2104=ORIENTED_EDGE('',*,*,#1465,.F.);
#2105=ORIENTED_EDGE('',*,*,#1514,.T.);
#2106=ORIENTED_EDGE('',*,*,#1515,.T.);
#2107=ORIENTED_EDGE('',*,*,#1466,.F.);
#2108=ORIENTED_EDGE('',*,*,#1513,.T.);
#2109=ORIENTED_EDGE('',*,*,#1516,.F.);
#2110=ORIENTED_EDGE('',*,*,#1477,.F.);
#2111=ORIENTED_EDGE('',*,*,#1517,.T.);
#2112=ORIENTED_EDGE('',*,*,#1518,.T.);
#2113=ORIENTED_EDGE('',*,*,#1519,.T.);
#2114=ORIENTED_EDGE('',*,*,#1509,.F.);
#2115=ORIENTED_EDGE('',*,*,#1506,.F.);
#2116=ORIENTED_EDGE('',*,*,#1464,.F.);
#2117=ORIENTED_EDGE('',*,*,#1473,.T.);
#2118=ORIENTED_EDGE('',*,*,#1520,.F.);
#2119=ORIENTED_EDGE('',*,*,#1521,.T.);
#2120=ORIENTED_EDGE('',*,*,#1514,.F.);
#2121=ORIENTED_EDGE('',*,*,#1512,.F.);
#2122=ORIENTED_EDGE('',*,*,#1522,.T.);
#2123=ORIENTED_EDGE('',*,*,#1523,.T.);
#2124=ORIENTED_EDGE('',*,*,#1524,.T.);
#2125=ORIENTED_EDGE('',*,*,#1525,.T.);
#2126=ORIENTED_EDGE('',*,*,#1494,.T.);
#2127=ORIENTED_EDGE('',*,*,#1467,.F.);
#2128=ORIENTED_EDGE('',*,*,#1515,.F.);
#2129=ORIENTED_EDGE('',*,*,#1521,.F.);
#2130=ORIENTED_EDGE('',*,*,#1526,.F.);
#2131=ORIENTED_EDGE('',*,*,#1527,.F.);
#2132=ORIENTED_EDGE('',*,*,#1528,.F.);
#2133=ORIENTED_EDGE('',*,*,#1529,.F.);
#2134=ORIENTED_EDGE('',*,*,#1489,.F.);
#2135=ORIENTED_EDGE('',*,*,#1493,.F.);
#2136=ORIENTED_EDGE('',*,*,#1528,.T.);
#2137=ORIENTED_EDGE('',*,*,#1530,.T.);
#2138=ORIENTED_EDGE('',*,*,#1531,.T.);
#2139=ORIENTED_EDGE('',*,*,#1532,.F.);
#2140=ORIENTED_EDGE('',*,*,#1475,.F.);
#2141=ORIENTED_EDGE('',*,*,#1476,.T.);
#2142=ORIENTED_EDGE('',*,*,#1532,.T.);
#2143=ORIENTED_EDGE('',*,*,#1533,.T.);
#2144=ORIENTED_EDGE('',*,*,#1534,.F.);
#2145=ORIENTED_EDGE('',*,*,#1535,.F.);
#2146=ORIENTED_EDGE('',*,*,#1518,.F.);
#2147=ORIENTED_EDGE('',*,*,#1536,.T.);
#2148=ORIENTED_EDGE('',*,*,#1522,.F.);
#2149=ORIENTED_EDGE('',*,*,#1537,.T.);
#2150=ORIENTED_EDGE('',*,*,#1517,.F.);
#2151=ORIENTED_EDGE('',*,*,#1535,.T.);
#2152=ORIENTED_EDGE('',*,*,#1538,.T.);
#2153=ORIENTED_EDGE('',*,*,#1523,.F.);
#2154=ORIENTED_EDGE('',*,*,#1536,.F.);
#2155=ORIENTED_EDGE('',*,*,#1472,.F.);
#2156=ORIENTED_EDGE('',*,*,#1502,.T.);
#2157=ORIENTED_EDGE('',*,*,#1539,.T.);
#2158=ORIENTED_EDGE('',*,*,#1540,.F.);
#2159=ORIENTED_EDGE('',*,*,#1526,.T.);
#2160=ORIENTED_EDGE('',*,*,#1520,.T.);
#2161=ORIENTED_EDGE('',*,*,#1541,.T.);
#2162=ORIENTED_EDGE('',*,*,#1530,.F.);
#2163=ORIENTED_EDGE('',*,*,#1527,.T.);
#2164=ORIENTED_EDGE('',*,*,#1540,.T.);
#2165=ORIENTED_EDGE('',*,*,#1524,.F.);
#2166=ORIENTED_EDGE('',*,*,#1538,.F.);
#2167=ORIENTED_EDGE('',*,*,#1534,.T.);
#2168=ORIENTED_EDGE('',*,*,#1542,.T.);
#2169=ORIENTED_EDGE('',*,*,#1504,.F.);
#2170=ORIENTED_EDGE('',*,*,#1543,.T.);
#2171=ORIENTED_EDGE('',*,*,#1519,.F.);
#2172=ORIENTED_EDGE('',*,*,#1537,.F.);
#2173=ORIENTED_EDGE('',*,*,#1525,.F.);
#2174=ORIENTED_EDGE('',*,*,#1543,.F.);
#2175=ORIENTED_EDGE('',*,*,#1503,.F.);
#2176=ORIENTED_EDGE('',*,*,#1501,.F.);
#2177=ORIENTED_EDGE('',*,*,#1544,.T.);
#2178=ORIENTED_EDGE('',*,*,#1510,.T.);
#2179=ORIENTED_EDGE('',*,*,#1545,.T.);
#2180=ORIENTED_EDGE('',*,*,#1546,.T.);
#2181=ORIENTED_EDGE('',*,*,#1547,.T.);
#2182=ORIENTED_EDGE('',*,*,#1546,.F.);
#2183=ORIENTED_EDGE('',*,*,#1548,.T.);
#2184=ORIENTED_EDGE('',*,*,#1549,.T.);
#2185=ORIENTED_EDGE('',*,*,#1550,.T.);
#2186=ORIENTED_EDGE('',*,*,#1549,.F.);
#2187=ORIENTED_EDGE('',*,*,#1457,.F.);
#2188=ORIENTED_EDGE('',*,*,#1551,.T.);
#2189=ORIENTED_EDGE('',*,*,#1552,.T.);
#2190=ORIENTED_EDGE('',*,*,#1481,.F.);
#2191=ORIENTED_EDGE('',*,*,#1456,.F.);
#2192=ORIENTED_EDGE('',*,*,#1553,.T.);
#2193=ORIENTED_EDGE('',*,*,#1554,.T.);
#2194=ORIENTED_EDGE('',*,*,#1551,.F.);
#2195=ORIENTED_EDGE('',*,*,#1548,.F.);
#2196=ORIENTED_EDGE('',*,*,#1454,.F.);
#2197=ORIENTED_EDGE('',*,*,#1555,.T.);
#2198=ORIENTED_EDGE('',*,*,#1556,.T.);
#2199=ORIENTED_EDGE('',*,*,#1557,.F.);
#2200=ORIENTED_EDGE('',*,*,#1545,.F.);
#2201=ORIENTED_EDGE('',*,*,#1453,.F.);
#2202=ORIENTED_EDGE('',*,*,#1558,.T.);
#2203=ORIENTED_EDGE('',*,*,#1559,.T.);
#2204=ORIENTED_EDGE('',*,*,#1555,.F.);
#2205=ORIENTED_EDGE('',*,*,#1560,.F.);
#2206=ORIENTED_EDGE('',*,*,#1561,.T.);
#2207=ORIENTED_EDGE('',*,*,#1478,.F.);
#2208=ORIENTED_EDGE('',*,*,#1484,.F.);
#2209=ORIENTED_EDGE('',*,*,#1562,.T.);
#2210=ORIENTED_EDGE('',*,*,#1487,.F.);
#2211=ORIENTED_EDGE('',*,*,#1479,.F.);
#2212=ORIENTED_EDGE('',*,*,#1561,.F.);
#2213=ORIENTED_EDGE('',*,*,#1560,.T.);
#2214=ORIENTED_EDGE('',*,*,#1550,.F.);
#2215=ORIENTED_EDGE('',*,*,#1563,.T.);
#2216=ORIENTED_EDGE('',*,*,#1564,.T.);
#2217=ORIENTED_EDGE('',*,*,#1565,.F.);
#2218=ORIENTED_EDGE('',*,*,#1566,.F.);
#2219=ORIENTED_EDGE('',*,*,#1567,.T.);
#2220=ORIENTED_EDGE('',*,*,#1566,.T.);
#2221=ORIENTED_EDGE('',*,*,#1568,.F.);
#2222=ORIENTED_EDGE('',*,*,#1569,.F.);
#2223=ORIENTED_EDGE('',*,*,#1570,.T.);
#2224=ORIENTED_EDGE('',*,*,#1569,.T.);
#2225=ORIENTED_EDGE('',*,*,#1571,.F.);
#2226=ORIENTED_EDGE('',*,*,#1572,.F.);
#2227=ORIENTED_EDGE('',*,*,#1573,.T.);
#2228=ORIENTED_EDGE('',*,*,#1572,.T.);
#2229=ORIENTED_EDGE('',*,*,#1574,.F.);
#2230=ORIENTED_EDGE('',*,*,#1575,.F.);
#2231=ORIENTED_EDGE('',*,*,#1576,.T.);
#2232=ORIENTED_EDGE('',*,*,#1575,.T.);
#2233=ORIENTED_EDGE('',*,*,#1577,.F.);
#2234=ORIENTED_EDGE('',*,*,#1578,.F.);
#2235=ORIENTED_EDGE('',*,*,#1579,.T.);
#2236=ORIENTED_EDGE('',*,*,#1578,.T.);
#2237=ORIENTED_EDGE('',*,*,#1580,.F.);
#2238=ORIENTED_EDGE('',*,*,#1564,.F.);
#2239=ORIENTED_EDGE('',*,*,#1580,.T.);
#2240=ORIENTED_EDGE('',*,*,#1577,.T.);
#2241=ORIENTED_EDGE('',*,*,#1574,.T.);
#2242=ORIENTED_EDGE('',*,*,#1571,.T.);
#2243=ORIENTED_EDGE('',*,*,#1568,.T.);
#2244=ORIENTED_EDGE('',*,*,#1565,.T.);
#2245=ORIENTED_EDGE('',*,*,#1547,.F.);
#2246=ORIENTED_EDGE('',*,*,#1451,.F.);
#2247=ORIENTED_EDGE('',*,*,#1581,.T.);
#2248=ORIENTED_EDGE('',*,*,#1582,.T.);
#2249=ORIENTED_EDGE('',*,*,#1583,.F.);
#2250=ORIENTED_EDGE('',*,*,#1470,.F.);
#2251=ORIENTED_EDGE('',*,*,#1491,.T.);
#2252=ORIENTED_EDGE('',*,*,#1584,.T.);
#2253=ORIENTED_EDGE('',*,*,#1581,.F.);
#2254=ORIENTED_EDGE('',*,*,#1563,.F.);
#2255=ORIENTED_EDGE('',*,*,#1567,.F.);
#2256=ORIENTED_EDGE('',*,*,#1570,.F.);
#2257=ORIENTED_EDGE('',*,*,#1573,.F.);
#2258=ORIENTED_EDGE('',*,*,#1576,.F.);
#2259=ORIENTED_EDGE('',*,*,#1579,.F.);
#2260=ORIENTED_EDGE('',*,*,#1562,.F.);
#2261=ORIENTED_EDGE('',*,*,#1486,.T.);
#2262=ORIENTED_EDGE('',*,*,#1585,.T.);
#2263=ORIENTED_EDGE('',*,*,#1496,.F.);
#2264=ORIENTED_EDGE('',*,*,#1460,.F.);
#2265=ORIENTED_EDGE('',*,*,#1488,.T.);
#2266=ORIENTED_EDGE('',*,*,#1455,.F.);
#2267=ORIENTED_EDGE('',*,*,#1557,.T.);
#2268=ORIENTED_EDGE('',*,*,#1586,.T.);
#2269=ORIENTED_EDGE('',*,*,#1553,.F.);
#2270=ORIENTED_EDGE('',*,*,#1533,.F.);
#2271=ORIENTED_EDGE('',*,*,#1531,.F.);
#2272=ORIENTED_EDGE('',*,*,#1541,.F.);
#2273=ORIENTED_EDGE('',*,*,#1539,.F.);
#2274=ORIENTED_EDGE('',*,*,#1505,.F.);
#2275=ORIENTED_EDGE('',*,*,#1542,.F.);
#2276=ORIENTED_EDGE('',*,*,#1452,.F.);
#2277=ORIENTED_EDGE('',*,*,#1583,.T.);
#2278=ORIENTED_EDGE('',*,*,#1587,.T.);
#2279=ORIENTED_EDGE('',*,*,#1558,.F.);
#2280=ORIENTED_EDGE('',*,*,#1474,.F.);
#2281=ORIENTED_EDGE('',*,*,#1516,.T.);
#2282=ORIENTED_EDGE('',*,*,#1508,.F.);
#2283=ORIENTED_EDGE('',*,*,#1511,.F.);
#2284=ORIENTED_EDGE('',*,*,#1544,.F.);
#2285=ORIENTED_EDGE('',*,*,#1500,.F.);
#2286=ORIENTED_EDGE('',*,*,#1497,.F.);
#2287=ORIENTED_EDGE('',*,*,#1585,.F.);
#2288=ORIENTED_EDGE('',*,*,#1485,.F.);
#2289=ORIENTED_EDGE('',*,*,#1482,.F.);
#2290=ORIENTED_EDGE('',*,*,#1552,.F.);
#2291=ORIENTED_EDGE('',*,*,#1554,.F.);
#2292=ORIENTED_EDGE('',*,*,#1586,.F.);
#2293=ORIENTED_EDGE('',*,*,#1556,.F.);
#2294=ORIENTED_EDGE('',*,*,#1559,.F.);
#2295=ORIENTED_EDGE('',*,*,#1587,.F.);
#2296=ORIENTED_EDGE('',*,*,#1582,.F.);
#2297=ORIENTED_EDGE('',*,*,#1584,.F.);
#2298=ORIENTED_EDGE('',*,*,#1490,.F.);
#2299=ORIENTED_EDGE('',*,*,#1529,.T.);
#2300=CYLINDRICAL_SURFACE('',#2497,3.35);
#2301=CYLINDRICAL_SURFACE('',#2504,1.);
#2302=CYLINDRICAL_SURFACE('',#2508,1.);
#2303=CYLINDRICAL_SURFACE('',#2509,2.);
#2304=CYLINDRICAL_SURFACE('',#2519,1.);
#2305=CYLINDRICAL_SURFACE('',#2521,1.);
#2306=CYLINDRICAL_SURFACE('',#2527,2.);
#2307=CYLINDRICAL_SURFACE('',#2532,2.);
#2308=CYLINDRICAL_SURFACE('',#2534,2.);
#2309=CYLINDRICAL_SURFACE('',#2539,61.);
#2310=CYLINDRICAL_SURFACE('',#2556,2.);
#2311=CYLINDRICAL_SURFACE('',#2561,2.);
#2312=CYLINDRICAL_SURFACE('',#2563,2.);
#2313=CYLINDRICAL_SURFACE('',#2572,2.);
#2314=CYLINDRICAL_SURFACE('',#2578,2.);
#2315=CYLINDRICAL_SURFACE('',#2579,2.);
#2316=CYLINDRICAL_SURFACE('',#2584,2.);
#2317=CYLINDRICAL_SURFACE('',#2590,2.);
#2318=CYLINDRICAL_SURFACE('',#2591,2.);
#2319=CYLINDRICAL_SURFACE('',#2602,30.5);
#2320=CYLINDRICAL_SURFACE('',#2614,61.);
#2321=CYLINDRICAL_SURFACE('',#2617,61.);
#2322=CYLINDRICAL_SURFACE('',#2619,2.);
#2323=CYLINDRICAL_SURFACE('',#2620,2.);
#2324=CYLINDRICAL_SURFACE('',#2623,2.);
#2325=CYLINDRICAL_SURFACE('',#2624,2.);
#2326=CYLINDRICAL_SURFACE('',#2628,61.);
#2327=CYLINDRICAL_SURFACE('',#2630,3.175);
#2328=CYLINDRICAL_SURFACE('',#2632,3.175);
#2329=CYLINDRICAL_SURFACE('',#2634,3.175);
#2330=CYLINDRICAL_SURFACE('',#2636,3.175);
#2331=CYLINDRICAL_SURFACE('',#2638,3.175);
#2332=CYLINDRICAL_SURFACE('',#2651,4.572);
#2333=CYLINDRICAL_SURFACE('',#2655,2.2);
#2334=CYLINDRICAL_SURFACE('',#2656,2.2);
#2335=CYLINDRICAL_SURFACE('',#2677,59.6);
#2336=CYLINDRICAL_SURFACE('',#2681,59.6);
#2337=CYLINDRICAL_SURFACE('',#2685,59.6);
#2338=CYLINDRICAL_SURFACE('',#2691,59.6);
#2339=CYLINDRICAL_SURFACE('',#2695,59.6);
#2340=CYLINDRICAL_SURFACE('',#2706,4.575);
#2341=CYLINDRICAL_SURFACE('',#2717,3.6);
#2342=CYLINDRICAL_SURFACE('',#2720,3.6);
#2343=CYLINDRICAL_SURFACE('',#2727,5.972);
#2344=CYLINDRICAL_SURFACE('',#2741,31.9);
#2345=CYLINDRICAL_SURFACE('',#2743,59.6);
#2346=ADVANCED_FACE('',(#171),#2300,.F.);
#2347=ADVANCED_FACE('',(#172),#167,.F.);
#2348=ADVANCED_FACE('',(#173),#2301,.T.);
#2349=ADVANCED_FACE('',(#174),#168,.F.);
#2350=ADVANCED_FACE('',(#175),#2302,.T.);
#2351=ADVANCED_FACE('',(#176),#2303,.T.);
#2352=ADVANCED_FACE('',(#177,#48,#49,#50),#75,.T.);
#2353=ADVANCED_FACE('',(#178),#76,.F.);
#2354=ADVANCED_FACE('',(#179),#169,.F.);
#2355=ADVANCED_FACE('',(#180),#2304,.T.);
#2356=ADVANCED_FACE('',(#181),#170,.F.);
#2357=ADVANCED_FACE('',(#182),#2305,.T.);
#2358=ADVANCED_FACE('',(#183),#77,.T.);
#2359=ADVANCED_FACE('',(#184),#40,.T.);
#2360=ADVANCED_FACE('',(#185),#2306,.T.);
#2361=ADVANCED_FACE('',(#186),#41,.T.);
#2362=ADVANCED_FACE('',(#187),#2307,.T.);
#2363=ADVANCED_FACE('',(#188),#2308,.T.);
#2364=ADVANCED_FACE('',(#189),#31,.T.);
#2365=ADVANCED_FACE('',(#190),#2309,.T.);
#2366=ADVANCED_FACE('',(#191),#32,.T.);
#2367=ADVANCED_FACE('',(#192,#51,#52,#53,#54,#55),#78,.T.);
#2368=ADVANCED_FACE('',(#193),#42,.T.);
#2369=ADVANCED_FACE('',(#194),#2310,.T.);
#2370=ADVANCED_FACE('',(#195),#43,.T.);
#2371=ADVANCED_FACE('',(#196),#2311,.T.);
#2372=ADVANCED_FACE('',(#197),#2312,.T.);
#2373=ADVANCED_FACE('',(#198),#79,.T.);
#2374=ADVANCED_FACE('',(#199,#56),#80,.T.);
#2375=ADVANCED_FACE('',(#200),#44,.T.);
#2376=ADVANCED_FACE('',(#201),#2313,.T.);
#2377=ADVANCED_FACE('',(#202),#45,.T.);
#2378=ADVANCED_FACE('',(#203,#57),#81,.T.);
#2379=ADVANCED_FACE('',(#204),#2314,.T.);
#2380=ADVANCED_FACE('',(#205),#2315,.T.);
#2381=ADVANCED_FACE('',(#206),#46,.T.);
#2382=ADVANCED_FACE('',(#207),#2316,.T.);
#2383=ADVANCED_FACE('',(#208),#47,.T.);
#2384=ADVANCED_FACE('',(#209),#82,.T.);
#2385=ADVANCED_FACE('',(#210),#2317,.T.);
#2386=ADVANCED_FACE('',(#211),#2318,.T.);
#2387=ADVANCED_FACE('',(#212),#83,.T.);
#2388=ADVANCED_FACE('',(#213),#84,.T.);
#2389=ADVANCED_FACE('',(#214),#33,.T.);
#2390=ADVANCED_FACE('',(#215),#34,.T.);
#2391=ADVANCED_FACE('',(#216,#58),#2319,.F.);
#2392=ADVANCED_FACE('',(#217),#35,.T.);
#2393=ADVANCED_FACE('',(#218),#36,.T.);
#2394=ADVANCED_FACE('',(#219),#2320,.T.);
#2395=ADVANCED_FACE('',(#220),#85,.T.);
#2396=ADVANCED_FACE('',(#221),#2321,.T.);
#2397=ADVANCED_FACE('',(#222),#2322,.T.);
#2398=ADVANCED_FACE('',(#223),#2323,.T.);
#2399=ADVANCED_FACE('',(#224),#37,.T.);
#2400=ADVANCED_FACE('',(#225),#2324,.T.);
#2401=ADVANCED_FACE('',(#226),#2325,.T.);
#2402=ADVANCED_FACE('',(#227),#38,.T.);
#2403=ADVANCED_FACE('',(#228,#59),#86,.T.);
#2404=ADVANCED_FACE('',(#229),#2326,.T.);
#2405=ADVANCED_FACE('',(#230),#39,.T.);
#2406=ADVANCED_FACE('',(#231),#2327,.F.);
#2407=ADVANCED_FACE('',(#232),#2328,.F.);
#2408=ADVANCED_FACE('',(#233),#2329,.F.);
#2409=ADVANCED_FACE('',(#234),#2330,.F.);
#2410=ADVANCED_FACE('',(#235),#2331,.F.);
#2411=ADVANCED_FACE('',(#236,#60),#87,.F.);
#2412=ADVANCED_FACE('',(#237),#88,.F.);
#2413=ADVANCED_FACE('',(#238),#89,.F.);
#2414=ADVANCED_FACE('',(#239),#90,.F.);
#2415=ADVANCED_FACE('',(#240),#91,.F.);
#2416=ADVANCED_FACE('',(#241),#92,.F.);
#2417=ADVANCED_FACE('',(#242),#93,.F.);
#2418=ADVANCED_FACE('',(#243,#61),#94,.T.);
#2419=ADVANCED_FACE('',(#244),#2332,.F.);
#2420=ADVANCED_FACE('',(#245,#62),#95,.T.);
#2421=ADVANCED_FACE('',(#246),#96,.T.);
#2422=ADVANCED_FACE('',(#247),#2333,.F.);
#2423=ADVANCED_FACE('',(#248),#2334,.F.);
#2424=ADVANCED_FACE('',(#249),#97,.F.);
#2425=ADVANCED_FACE('',(#250),#98,.F.);
#2426=ADVANCED_FACE('',(#251),#99,.F.);
#2427=ADVANCED_FACE('',(#252),#100,.F.);
#2428=ADVANCED_FACE('',(#253),#101,.F.);
#2429=ADVANCED_FACE('',(#254),#102,.F.);
#2430=ADVANCED_FACE('',(#255,#63),#103,.T.);
#2431=ADVANCED_FACE('',(#256),#104,.T.);
#2432=ADVANCED_FACE('',(#257),#105,.T.);
#2433=ADVANCED_FACE('',(#258),#106,.T.);
#2434=ADVANCED_FACE('',(#259),#107,.T.);
#2435=ADVANCED_FACE('',(#260,#64,#65,#66,#67,#68),#108,.F.);
#2436=ADVANCED_FACE('',(#261),#109,.T.);
#2437=ADVANCED_FACE('',(#262),#110,.T.);
#2438=ADVANCED_FACE('',(#263),#2335,.F.);
#2439=ADVANCED_FACE('',(#264),#111,.F.);
#2440=ADVANCED_FACE('',(#265),#112,.F.);
#2441=ADVANCED_FACE('',(#266),#2336,.F.);
#2442=ADVANCED_FACE('',(#267),#113,.F.);
#2443=ADVANCED_FACE('',(#268),#2337,.F.);
#2444=ADVANCED_FACE('',(#269),#114,.F.);
#2445=ADVANCED_FACE('',(#270),#115,.T.);
#2446=ADVANCED_FACE('',(#271),#2338,.F.);
#2447=ADVANCED_FACE('',(#272),#116,.F.);
#2448=ADVANCED_FACE('',(#273),#2339,.F.);
#2449=ADVANCED_FACE('',(#274),#117,.F.);
#2450=ADVANCED_FACE('',(#275),#118,.F.);
#2451=ADVANCED_FACE('',(#276),#119,.F.);
#2452=ADVANCED_FACE('',(#277),#120,.F.);
#2453=ADVANCED_FACE('',(#278),#121,.F.);
#2454=ADVANCED_FACE('',(#279),#122,.T.);
#2455=ADVANCED_FACE('',(#280),#123,.T.);
#2456=ADVANCED_FACE('',(#281),#2340,.T.);
#2457=ADVANCED_FACE('',(#282),#124,.F.);
#2458=ADVANCED_FACE('',(#283),#125,.T.);
#2459=ADVANCED_FACE('',(#284),#126,.T.);
#2460=ADVANCED_FACE('',(#285),#127,.T.);
#2461=ADVANCED_FACE('',(#286),#128,.F.);
#2462=ADVANCED_FACE('',(#287),#2341,.T.);
#2463=ADVANCED_FACE('',(#288),#2342,.T.);
#2464=ADVANCED_FACE('',(#289),#129,.F.);
#2465=ADVANCED_FACE('',(#290,#69),#130,.F.);
#2466=ADVANCED_FACE('',(#291,#70),#131,.F.);
#2467=ADVANCED_FACE('',(#292),#132,.F.);
#2468=ADVANCED_FACE('',(#293),#2343,.T.);
#2469=ADVANCED_FACE('',(#294,#71),#133,.F.);
#2470=ADVANCED_FACE('',(#295),#134,.T.);
#2471=ADVANCED_FACE('',(#296),#135,.T.);
#2472=ADVANCED_FACE('',(#297),#136,.T.);
#2473=ADVANCED_FACE('',(#298),#137,.T.);
#2474=ADVANCED_FACE('',(#299),#138,.T.);
#2475=ADVANCED_FACE('',(#300),#139,.T.);
#2476=ADVANCED_FACE('',(#301,#72),#140,.T.);
#2477=ADVANCED_FACE('',(#302),#141,.F.);
#2478=ADVANCED_FACE('',(#303,#73),#142,.F.);
#2479=ADVANCED_FACE('',(#304),#143,.F.);
#2480=ADVANCED_FACE('',(#305,#74),#2344,.T.);
#2481=ADVANCED_FACE('',(#306),#2345,.F.);
#2482=ADVANCED_FACE('',(#307),#144,.F.);
#2483=CLOSED_SHELL('',(#2346,#2347,#2348,#2349,#2350,#2351,#2352,#2353,
#2354,#2355,#2356,#2357,#2358,#2359,#2360,#2361,#2362,#2363,#2364,#2365,
#2366,#2367,#2368,#2369,#2370,#2371,#2372,#2373,#2374,#2375,#2376,#2377,
#2378,#2379,#2380,#2381,#2382,#2383,#2384,#2385,#2386,#2387,#2388,#2389,
#2390,#2391,#2392,#2393,#2394,#2395,#2396,#2397,#2398,#2399,#2400,#2401,
#2402,#2403,#2404,#2405,#2406,#2407,#2408,#2409,#2410,#2411,#2412,#2413,
#2414,#2415,#2416,#2417,#2418,#2419,#2420,#2421,#2422,#2423,#2424,#2425,
#2426,#2427,#2428,#2429,#2430,#2431,#2432,#2433,#2434,#2435,#2436,#2437,
#2438,#2439,#2440,#2441,#2442,#2443,#2444,#2445,#2446,#2447,#2448,#2449,
#2450,#2451,#2452,#2453,#2454,#2455,#2456,#2457,#2458,#2459,#2460,#2461,
#2462,#2463,#2464,#2465,#2466,#2467,#2468,#2469,#2470,#2471,#2472,#2473,
#2474,#2475,#2476,#2477,#2478,#2479,#2480,#2481,#2482));
#2484=DERIVED_UNIT_ELEMENT(#2486,1.);
#2485=DERIVED_UNIT_ELEMENT(#4411,-3.);
#2486=(
MASS_UNIT()
NAMED_UNIT(*)
SI_UNIT(.KILO.,.GRAM.)
);
#2487=DERIVED_UNIT((#2484,#2485));
#2488=MEASURE_REPRESENTATION_ITEM('density measure',
POSITIVE_RATIO_MEASURE(1000.),#2487);
#2489=PROPERTY_DEFINITION_REPRESENTATION(#2494,#2491);
#2490=PROPERTY_DEFINITION_REPRESENTATION(#2495,#2492);
#2491=REPRESENTATION('material name',(#2493),#4408);
#2492=REPRESENTATION('density',(#2488),#4408);
#2493=DESCRIPTIVE_REPRESENTATION_ITEM('Generic','Generic');
#2494=PROPERTY_DEFINITION('material property','material name',#4418);
#2495=PROPERTY_DEFINITION('material property','density of part',#4418);
#2496=AXIS2_PLACEMENT_3D('',#3464,#2746,#2747);
#2497=AXIS2_PLACEMENT_3D('',#3465,#2748,#2749);
#2498=AXIS2_PLACEMENT_3D('',#3467,#2750,#2751);
#2499=AXIS2_PLACEMENT_3D('',#3470,#2753,#2754);
#2500=AXIS2_PLACEMENT_3D('',#3482,#2755,#2756);
#2501=AXIS2_PLACEMENT_3D('',#3484,#2757,#2758);
#2502=AXIS2_PLACEMENT_3D('',#3486,#2759,#2760);
#2503=AXIS2_PLACEMENT_3D('',#3487,#2761,#2762);
#2504=AXIS2_PLACEMENT_3D('',#3488,#2763,#2764);
#2505=AXIS2_PLACEMENT_3D('',#3491,#2765,#2766);
#2506=AXIS2_PLACEMENT_3D('',#3511,#2769,#2770);
#2507=AXIS2_PLACEMENT_3D('',#3512,#2771,#2772);
#2508=AXIS2_PLACEMENT_3D('',#3513,#2773,#2774);
#2509=AXIS2_PLACEMENT_3D('',#3526,#2776,#2777);
#2510=AXIS2_PLACEMENT_3D('',#3530,#2779,#2780);
#2511=AXIS2_PLACEMENT_3D('',#3532,#2781,#2782);
#2512=AXIS2_PLACEMENT_3D('',#3534,#2784,#2785);
#2513=AXIS2_PLACEMENT_3D('',#3558,#2798,#2799);
#2514=AXIS2_PLACEMENT_3D('',#3562,#2801,#2802);
#2515=AXIS2_PLACEMENT_3D('',#3565,#2804,#2805);
#2516=AXIS2_PLACEMENT_3D('',#3576,#2806,#2807);
#2517=AXIS2_PLACEMENT_3D('',#3578,#2808,#2809);
#2518=AXIS2_PLACEMENT_3D('',#3579,#2810,#2811);
#2519=AXIS2_PLACEMENT_3D('',#3580,#2812,#2813);
#2520=AXIS2_PLACEMENT_3D('',#3600,#2815,#2816);
#2521=AXIS2_PLACEMENT_3D('',#3601,#2817,#2818);
#2522=AXIS2_PLACEMENT_3D('',#3614,#2820,#2821);
#2523=AXIS2_PLACEMENT_3D('',#3626,#2823,#2824);
#2524=AXIS2_PLACEMENT_3D('',#3629,#2825,#2826);
#2525=AXIS2_PLACEMENT_3D('',#3631,#2827,#2828);
#2526=AXIS2_PLACEMENT_3D('',#3632,#2829,#2830);
#2527=AXIS2_PLACEMENT_3D('',#3633,#2831,#2832);
#2528=AXIS2_PLACEMENT_3D('',#3636,#2833,#2834);
#2529=AXIS2_PLACEMENT_3D('',#3639,#2837,#2838);
#2530=AXIS2_PLACEMENT_3D('',#3641,#2839,#2840);
#2531=AXIS2_PLACEMENT_3D('',#3642,#2841,#2842);
#2532=AXIS2_PLACEMENT_3D('',#3643,#2843,#2844);
#2533=AXIS2_PLACEMENT_3D('',#3646,#2845,#2846);
#2534=AXIS2_PLACEMENT_3D('',#3649,#2849,#2850);
#2535=AXIS2_PLACEMENT_3D('',#3652,#2851,#2852);
#2536=AXIS2_PLACEMENT_3D('',#3655,#2855,#2856);
#2537=AXIS2_PLACEMENT_3D('',#3657,#2857,#2858);
#2538=AXIS2_PLACEMENT_3D('',#3673,#2859,#2860);
#2539=AXIS2_PLACEMENT_3D('',#3674,#2861,#2862);
#2540=AXIS2_PLACEMENT_3D('',#3676,#2863,#2864);
#2541=AXIS2_PLACEMENT_3D('',#3678,#2866,#2867);
#2542=AXIS2_PLACEMENT_3D('',#3680,#2868,#2869);
#2543=AXIS2_PLACEMENT_3D('',#3695,#2870,#2871);
#2544=AXIS2_PLACEMENT_3D('',#3699,#2873,#2874);
#2545=AXIS2_PLACEMENT_3D('',#3705,#2877,#2878);
#2546=AXIS2_PLACEMENT_3D('',#3711,#2881,#2882);
#2547=AXIS2_PLACEMENT_3D('',#3716,#2885,#2886);
#2548=AXIS2_PLACEMENT_3D('',#3718,#2887,#2888);
#2549=AXIS2_PLACEMENT_3D('',#3720,#2889,#2890);
#2550=AXIS2_PLACEMENT_3D('',#3722,#2891,#2892);
#2551=AXIS2_PLACEMENT_3D('',#3724,#2893,#2894);
#2552=AXIS2_PLACEMENT_3D('',#3725,#2895,#2896);
#2553=AXIS2_PLACEMENT_3D('',#3727,#2897,#2898);
#2554=AXIS2_PLACEMENT_3D('',#3729,#2899,#2900);
#2555=AXIS2_PLACEMENT_3D('',#3730,#2901,#2902);
#2556=AXIS2_PLACEMENT_3D('',#3731,#2903,#2904);
#2557=AXIS2_PLACEMENT_3D('',#3734,#2905,#2906);
#2558=AXIS2_PLACEMENT_3D('',#3737,#2909,#2910);
#2559=AXIS2_PLACEMENT_3D('',#3739,#2911,#2912);
#2560=AXIS2_PLACEMENT_3D('',#3740,#2913,#2914);
#2561=AXIS2_PLACEMENT_3D('',#3741,#2915,#2916);
#2562=AXIS2_PLACEMENT_3D('',#3743,#2917,#2918);
#2563=AXIS2_PLACEMENT_3D('',#3745,#2920,#2921);
#2564=AXIS2_PLACEMENT_3D('',#3748,#2922,#2923);
#2565=AXIS2_PLACEMENT_3D('',#3751,#2926,#2927);
#2566=AXIS2_PLACEMENT_3D('',#3753,#2929,#2930);
#2567=AXIS2_PLACEMENT_3D('',#3780,#2933,#2934);
#2568=AXIS2_PLACEMENT_3D('',#3781,#2935,#2936);
#2569=AXIS2_PLACEMENT_3D('',#3784,#2937,#2938);
#2570=AXIS2_PLACEMENT_3D('',#3786,#2939,#2940);
#2571=AXIS2_PLACEMENT_3D('',#3787,#2941,#2942);
#2572=AXIS2_PLACEMENT_3D('',#3788,#2943,#2944);
#2573=AXIS2_PLACEMENT_3D('',#3791,#2945,#2946);
#2574=AXIS2_PLACEMENT_3D('',#3794,#2949,#2950);
#2575=AXIS2_PLACEMENT_3D('',#3795,#2951,#2952);
#2576=AXIS2_PLACEMENT_3D('',#3796,#2953,#2954);
#2577=AXIS2_PLACEMENT_3D('',#3797,#2955,#2956);
#2578=AXIS2_PLACEMENT_3D('',#3815,#2966,#2967);
#2579=AXIS2_PLACEMENT_3D('',#3832,#2969,#2970);
#2580=AXIS2_PLACEMENT_3D('',#3851,#2973,#2974);
#2581=AXIS2_PLACEMENT_3D('',#3854,#2975,#2976);
#2582=AXIS2_PLACEMENT_3D('',#3856,#2977,#2978);
#2583=AXIS2_PLACEMENT_3D('',#3857,#2979,#2980);
#2584=AXIS2_PLACEMENT_3D('',#3858,#2981,#2982);
#2585=AXIS2_PLACEMENT_3D('',#3861,#2983,#2984);
#2586=AXIS2_PLACEMENT_3D('',#3864,#2987,#2988);
#2587=AXIS2_PLACEMENT_3D('',#3865,#2989,#2990);
#2588=AXIS2_PLACEMENT_3D('',#3866,#2991,#2992);
#2589=AXIS2_PLACEMENT_3D('',#3867,#2993,#2994);
#2590=AXIS2_PLACEMENT_3D('',#3870,#2997,#2998);
#2591=AXIS2_PLACEMENT_3D('',#3872,#3000,#3001);
#2592=AXIS2_PLACEMENT_3D('',#3891,#3004,#3005);
#2593=AXIS2_PLACEMENT_3D('',#3903,#3007,#3008);
#2594=AXIS2_PLACEMENT_3D('',#3904,#3009,#3010);
#2595=AXIS2_PLACEMENT_3D('',#3905,#3011,#3012);
#2596=AXIS2_PLACEMENT_3D('',#3907,#3013,#3014);
#2597=AXIS2_PLACEMENT_3D('',#3909,#3016,#3017);
#2598=AXIS2_PLACEMENT_3D('',#3910,#3018,#3019);
#2599=AXIS2_PLACEMENT_3D('',#3911,#3020,#3021);
#2600=AXIS2_PLACEMENT_3D('',#3912,#3022,#3023);
#2601=AXIS2_PLACEMENT_3D('',#3924,#3024,#3025);
#2602=AXIS2_PLACEMENT_3D('',#3925,#3026,#3027);
#2603=AXIS2_PLACEMENT_3D('',#3927,#3028,#3029);
#2604=AXIS2_PLACEMENT_3D('',#3931,#3031,#3032);
#2605=AXIS2_PLACEMENT_3D('',#3933,#3033,#3034);
#2606=AXIS2_PLACEMENT_3D('',#3935,#3035,#3036);
#2607=AXIS2_PLACEMENT_3D('',#3937,#3037,#3038);
#2608=AXIS2_PLACEMENT_3D('',#3939,#3039,#3040);
#2609=AXIS2_PLACEMENT_3D('',#3940,#3041,#3042);
#2610=AXIS2_PLACEMENT_3D('',#3941,#3043,#3044);
#2611=AXIS2_PLACEMENT_3D('',#3942,#3045,#3046);
#2612=AXIS2_PLACEMENT_3D('',#3943,#3047,#3048);
#2613=AXIS2_PLACEMENT_3D('',#3944,#3049,#3050);
#2614=AXIS2_PLACEMENT_3D('',#3945,#3051,#3052);
#2615=AXIS2_PLACEMENT_3D('',#3948,#3054,#3055);
#2616=AXIS2_PLACEMENT_3D('',#3949,#3056,#3057);
#2617=AXIS2_PLACEMENT_3D('',#3951,#3059,#3060);
#2618=AXIS2_PLACEMENT_3D('',#3952,#3061,#3062);
#2619=AXIS2_PLACEMENT_3D('',#3953,#3063,#3064);
#2620=AXIS2_PLACEMENT_3D('',#3954,#3065,#3066);
#2621=AXIS2_PLACEMENT_3D('',#3971,#3068,#3069);
#2622=AXIS2_PLACEMENT_3D('',#3972,#3070,#3071);
#2623=AXIS2_PLACEMENT_3D('',#3987,#3072,#3073);
#2624=AXIS2_PLACEMENT_3D('',#3988,#3074,#3075);
#2625=AXIS2_PLACEMENT_3D('',#4003,#3076,#3077);
#2626=AXIS2_PLACEMENT_3D('',#4004,#3078,#3079);
#2627=AXIS2_PLACEMENT_3D('',#4007,#3081,#3082);
#2628=AXIS2_PLACEMENT_3D('',#4008,#3083,#3084);
#2629=AXIS2_PLACEMENT_3D('',#4009,#3085,#3086);
#2630=AXIS2_PLACEMENT_3D('',#4020,#3087,#3088);
#2631=AXIS2_PLACEMENT_3D('',#4023,#3090,#3091);
#2632=AXIS2_PLACEMENT_3D('',#4024,#3092,#3093);
#2633=AXIS2_PLACEMENT_3D('',#4027,#3095,#3096);
#2634=AXIS2_PLACEMENT_3D('',#4028,#3097,#3098);
#2635=AXIS2_PLACEMENT_3D('',#4031,#3100,#3101);
#2636=AXIS2_PLACEMENT_3D('',#4032,#3102,#3103);
#2637=AXIS2_PLACEMENT_3D('',#4035,#3105,#3106);
#2638=AXIS2_PLACEMENT_3D('',#4036,#3107,#3108);
#2639=AXIS2_PLACEMENT_3D('',#4039,#3110,#3111);
#2640=AXIS2_PLACEMENT_3D('',#4040,#3112,#3113);
#2641=AXIS2_PLACEMENT_3D('',#4054,#3120,#3121);
#2642=AXIS2_PLACEMENT_3D('',#4055,#3122,#3123);
#2643=AXIS2_PLACEMENT_3D('',#4058,#3126,#3127);
#2644=AXIS2_PLACEMENT_3D('',#4060,#3129,#3130);
#2645=AXIS2_PLACEMENT_3D('',#4062,#3132,#3133);
#2646=AXIS2_PLACEMENT_3D('',#4064,#3135,#3136);
#2647=AXIS2_PLACEMENT_3D('',#4066,#3138,#3139);
#2648=AXIS2_PLACEMENT_3D('',#4067,#3140,#3141);
#2649=AXIS2_PLACEMENT_3D('',#4069,#3142,#3143);
#2650=AXIS2_PLACEMENT_3D('',#4071,#3144,#3145);
#2651=AXIS2_PLACEMENT_3D('',#4072,#3146,#3147);
#2652=AXIS2_PLACEMENT_3D('',#4074,#3149,#3150);
#2653=AXIS2_PLACEMENT_3D('',#4077,#3152,#3153);
#2654=AXIS2_PLACEMENT_3D('',#4078,#3154,#3155);
#2655=AXIS2_PLACEMENT_3D('',#4079,#3156,#3157);
#2656=AXIS2_PLACEMENT_3D('',#4081,#3159,#3160);
#2657=AXIS2_PLACEMENT_3D('',#4083,#3162,#3163);
#2658=AXIS2_PLACEMENT_3D('',#4090,#3168,#3169);
#2659=AXIS2_PLACEMENT_3D('',#4094,#3172,#3173);
#2660=AXIS2_PLACEMENT_3D('',#4097,#3176,#3177);
#2661=AXIS2_PLACEMENT_3D('',#4099,#3179,#3180);
#2662=AXIS2_PLACEMENT_3D('',#4101,#3182,#3183);
#2663=AXIS2_PLACEMENT_3D('',#4107,#3187,#3188);
#2664=AXIS2_PLACEMENT_3D('',#4114,#3193,#3194);
#2665=AXIS2_PLACEMENT_3D('',#4116,#3196,#3197);
#2666=AXIS2_PLACEMENT_3D('',#4118,#3199,#3200);
#2667=AXIS2_PLACEMENT_3D('',#4119,#3201,#3202);
#2668=AXIS2_PLACEMENT_3D('',#4120,#3203,#3204);
#2669=AXIS2_PLACEMENT_3D('',#4125,#3206,#3207);
#2670=AXIS2_PLACEMENT_3D('',#4131,#3210,#3211);
#2671=AXIS2_PLACEMENT_3D('',#4137,#3214,#3215);
#2672=AXIS2_PLACEMENT_3D('',#4143,#3218,#3219);
#2673=AXIS2_PLACEMENT_3D('',#4151,#3223,#3224);
#2674=AXIS2_PLACEMENT_3D('',#4159,#3228,#3229);
#2675=AXIS2_PLACEMENT_3D('',#4161,#3231,#3232);
#2676=AXIS2_PLACEMENT_3D('',#4167,#3236,#3237);
#2677=AXIS2_PLACEMENT_3D('',#4176,#3242,#3243);
#2678=AXIS2_PLACEMENT_3D('',#4196,#3246,#3247);
#2679=AXIS2_PLACEMENT_3D('',#4198,#3249,#3250);
#2680=AXIS2_PLACEMENT_3D('',#4204,#3254,#3255);
#2681=AXIS2_PLACEMENT_3D('',#4208,#3258,#3259);
#2682=AXIS2_PLACEMENT_3D('',#4211,#3260,#3261);
#2683=AXIS2_PLACEMENT_3D('',#4213,#3262,#3263);
#2684=AXIS2_PLACEMENT_3D('',#4216,#3266,#3267);
#2685=AXIS2_PLACEMENT_3D('',#4220,#3270,#3271);
#2686=AXIS2_PLACEMENT_3D('',#4222,#3272,#3273);
#2687=AXIS2_PLACEMENT_3D('',#4226,#3275,#3276);
#2688=AXIS2_PLACEMENT_3D('',#4228,#3278,#3279);
#2689=AXIS2_PLACEMENT_3D('',#4234,#3283,#3284);
#2690=AXIS2_PLACEMENT_3D('',#4241,#3288,#3289);
#2691=AXIS2_PLACEMENT_3D('',#4242,#3290,#3291);
#2692=AXIS2_PLACEMENT_3D('',#4245,#3292,#3293);
#2693=AXIS2_PLACEMENT_3D('',#4248,#3295,#3296);
#2694=AXIS2_PLACEMENT_3D('',#4249,#3297,#3298);
#2695=AXIS2_PLACEMENT_3D('',#4255,#3302,#3303);
#2696=AXIS2_PLACEMENT_3D('',#4257,#3304,#3305);
#2697=AXIS2_PLACEMENT_3D('',#4259,#3307,#3308);
#2698=AXIS2_PLACEMENT_3D('',#4263,#3311,#3312);
#2699=AXIS2_PLACEMENT_3D('',#4270,#3317,#3318);
#2700=AXIS2_PLACEMENT_3D('',#4274,#3321,#3322);
#2701=AXIS2_PLACEMENT_3D('',#4283,#3327,#3328);
#2702=AXIS2_PLACEMENT_3D('',#4289,#3332,#3333);
#2703=AXIS2_PLACEMENT_3D('',#4294,#3336,#3337);
#2704=AXIS2_PLACEMENT_3D('',#4296,#3339,#3340);
#2705=AXIS2_PLACEMENT_3D('',#4298,#3341,#3342);
#2706=AXIS2_PLACEMENT_3D('',#4302,#3345,#3346);
#2707=AXIS2_PLACEMENT_3D('',#4303,#3347,#3348);
#2708=AXIS2_PLACEMENT_3D('',#4304,#3349,#3350);
#2709=AXIS2_PLACEMENT_3D('',#4305,#3351,#3352);
#2710=AXIS2_PLACEMENT_3D('',#4307,#3354,#3355);
#2711=AXIS2_PLACEMENT_3D('',#4309,#3356,#3357);
#2712=AXIS2_PLACEMENT_3D('',#4311,#3359,#3360);
#2713=AXIS2_PLACEMENT_3D('',#4312,#3361,#3362);
#2714=AXIS2_PLACEMENT_3D('',#4313,#3363,#3364);
#2715=AXIS2_PLACEMENT_3D('',#4314,#3365,#3366);
#2716=AXIS2_PLACEMENT_3D('',#4316,#3368,#3369);
#2717=AXIS2_PLACEMENT_3D('',#4318,#3371,#3372);
#2718=AXIS2_PLACEMENT_3D('',#4320,#3373,#3374);
#2719=AXIS2_PLACEMENT_3D('',#4323,#3376,#3377);
#2720=AXIS2_PLACEMENT_3D('',#4324,#3378,#3379);
#2721=AXIS2_PLACEMENT_3D('',#4326,#3380,#3381);
#2722=AXIS2_PLACEMENT_3D('',#4329,#3383,#3384);
#2723=AXIS2_PLACEMENT_3D('',#4330,#3385,#3386);
#2724=AXIS2_PLACEMENT_3D('',#4334,#3389,#3390);
#2725=AXIS2_PLACEMENT_3D('',#4338,#3393,#3394);
#2726=AXIS2_PLACEMENT_3D('',#4344,#3398,#3399);
#2727=AXIS2_PLACEMENT_3D('',#4348,#3402,#3403);
#2728=AXIS2_PLACEMENT_3D('',#4350,#3404,#3405);
#2729=AXIS2_PLACEMENT_3D('',#4352,#3407,#3408);
#2730=AXIS2_PLACEMENT_3D('',#4353,#3409,#3410);
#2731=AXIS2_PLACEMENT_3D('',#4354,#3411,#3412);
#2732=AXIS2_PLACEMENT_3D('',#4363,#3417,#3418);
#2733=AXIS2_PLACEMENT_3D('',#4369,#3422,#3423);
#2734=AXIS2_PLACEMENT_3D('',#4375,#3427,#3428);
#2735=AXIS2_PLACEMENT_3D('',#4381,#3432,#3433);
#2736=AXIS2_PLACEMENT_3D('',#4387,#3437,#3438);
#2737=AXIS2_PLACEMENT_3D('',#4390,#3441,#3442);
#2738=AXIS2_PLACEMENT_3D('',#4391,#3443,#3444);
#2739=AXIS2_PLACEMENT_3D('',#4397,#3448,#3449);
#2740=AXIS2_PLACEMENT_3D('',#4399,#3451,#3452);
#2741=AXIS2_PLACEMENT_3D('',#4401,#3454,#3455);
#2742=AXIS2_PLACEMENT_3D('',#4402,#3456,#3457);
#2743=AXIS2_PLACEMENT_3D('',#4403,#3458,#3459);
#2744=AXIS2_PLACEMENT_3D('',#4404,#3460,#3461);
#2745=AXIS2_PLACEMENT_3D('',#4405,#3462,#3463);
#2746=DIRECTION('axis',(0.,0.,1.));
#2747=DIRECTION('refdir',(1.,0.,0.));
#2748=DIRECTION('center_axis',(-1.,0.,0.));
#2749=DIRECTION('ref_axis',(0.,1.,0.));
#2750=DIRECTION('center_axis',(-1.,0.,0.));
#2751=DIRECTION('ref_axis',(0.,1.,0.));
#2752=DIRECTION('',(-1.,0.,0.));
#2753=DIRECTION('center_axis',(1.,0.,0.));
#2754=DIRECTION('ref_axis',(0.,1.,0.));
#2755=DIRECTION('center_axis',(0.753138910242513,-0.657861521810418,2.59774963685175E-15));
#2756=DIRECTION('ref_axis',(0.657861521810418,0.753138910242513,0.));
#2757=DIRECTION('center_axis',(0.,0.,-1.));
#2758=DIRECTION('ref_axis',(0.707106781186547,0.707106781186547,0.));
#2759=DIRECTION('center_axis',(0.,1.,0.));
#2760=DIRECTION('ref_axis',(0.,0.,1.));
#2761=DIRECTION('center_axis',(0.,0.,1.));
#2762=DIRECTION('ref_axis',(0.707106781186548,0.707106781186548,0.));
#2763=DIRECTION('center_axis',(0.,-1.,0.));
#2764=DIRECTION('ref_axis',(0.707106781186546,0.,0.707106781186549));
#2765=DIRECTION('center_axis',(0.,1.,0.));
#2766=DIRECTION('ref_axis',(0.707106781186546,0.,0.707106781186549));
#2767=DIRECTION('',(0.,1.,0.));
#2768=DIRECTION('',(0.,-1.,0.));
#2769=DIRECTION('center_axis',(0.,0.,1.));
#2770=DIRECTION('ref_axis',(0.,1.,0.));
#2771=DIRECTION('center_axis',(1.,0.,0.));
#2772=DIRECTION('ref_axis',(0.,1.,0.));
#2773=DIRECTION('center_axis',(1.,0.,0.));
#2774=DIRECTION('ref_axis',(0.,0.707106781186546,0.707106781186549));
#2775=DIRECTION('',(-1.,0.,0.));
#2776=DIRECTION('center_axis',(0.,0.,-1.));
#2777=DIRECTION('ref_axis',(0.707106781186551,0.707106781186544,0.));
#2778=DIRECTION('',(0.,0.,-1.));
#2779=DIRECTION('center_axis',(0.,0.,-1.));
#2780=DIRECTION('ref_axis',(0.707106781186548,0.707106781186548,0.));
#2781=DIRECTION('center_axis',(0.,0.,-1.));
#2782=DIRECTION('ref_axis',(0.,1.,0.));
#2783=DIRECTION('',(0.,0.,1.));
#2784=DIRECTION('center_axis',(1.,0.,0.));
#2785=DIRECTION('ref_axis',(0.,0.,1.));
#2786=DIRECTION('',(0.,0.,1.));
#2787=DIRECTION('',(0.,-1.,0.));
#2788=DIRECTION('',(0.,0.876325748915438,-0.48171898632688));
#2789=DIRECTION('',(0.,0.0209819948133528,-0.999779853714633));
#2790=DIRECTION('',(0.,-0.876121277738486,0.482090766032584));
#2791=DIRECTION('',(0.,-0.855563489183361,-0.517697900301318));
#2792=DIRECTION('',(0.,0.0205577885551246,-0.999788666333902));
#2793=DIRECTION('',(0.,0.876121277738485,-0.482090766032585));
#2794=DIRECTION('',(0.,-0.876325748915438,0.481718986326879));
#2795=DIRECTION('',(0.,-0.0209819948133524,0.999779853714633));
#2796=DIRECTION('',(0.,0.855343754102086,0.518060867387753));
#2797=DIRECTION('',(0.,0.876325748915438,-0.48171898632688));
#2798=DIRECTION('center_axis',(0.,1.,0.));
#2799=DIRECTION('ref_axis',(0.,0.,1.));
#2800=DIRECTION('',(-1.,0.,0.));
#2801=DIRECTION('center_axis',(0.,1.,0.));
#2802=DIRECTION('ref_axis',(0.,0.,-1.));
#2803=DIRECTION('',(1.,0.,0.));
#2804=DIRECTION('center_axis',(0.,1.,0.));
#2805=DIRECTION('ref_axis',(0.707106781186546,0.,-0.707106781186549));
#2806=DIRECTION('center_axis',(0.,1.,0.));
#2807=DIRECTION('ref_axis',(1.,0.,0.));
#2808=DIRECTION('center_axis',(0.,0.,1.));
#2809=DIRECTION('ref_axis',(0.707106781186547,0.707106781186547,0.));
#2810=DIRECTION('center_axis',(0.753138910242513,-0.657861521810418,-2.59774963685175E-15));
#2811=DIRECTION('ref_axis',(1.53654866608122E-12,1.76303416310475E-12,-1.));
#2812=DIRECTION('center_axis',(0.,-1.,0.));
#2813=DIRECTION('ref_axis',(0.707106781186546,0.,-0.707106781186549));
#2814=DIRECTION('',(0.,1.,0.));
#2815=DIRECTION('center_axis',(1.,0.,0.));
#2816=DIRECTION('ref_axis',(0.,0.,-1.));
#2817=DIRECTION('center_axis',(-1.,0.,0.));
#2818=DIRECTION('ref_axis',(0.,0.707106781186546,-0.707106781186549));
#2819=DIRECTION('',(1.,0.,0.));
#2820=DIRECTION('center_axis',(0.,0.,-1.));
#2821=DIRECTION('ref_axis',(1.,0.,0.));
#2822=DIRECTION('',(0.,-1.,0.));
#2823=DIRECTION('center_axis',(0.0237272243106608,-0.894175382719301,0.447087691359652));
#2824=DIRECTION('ref_axis',(0.047387761929611,0.447716858001563,0.892918817743534));
#2825=DIRECTION('center_axis',(1.,0.,0.));
#2826=DIRECTION('ref_axis',(0.,1.,0.));
#2827=DIRECTION('center_axis',(0.,1.,0.));
#2828=DIRECTION('ref_axis',(0.,0.,1.));
#2829=DIRECTION('center_axis',(-0.994382837691628,0.,0.105843148594253));
#2830=DIRECTION('ref_axis',(0.105843148594253,0.,0.994382837691628));
#2831=DIRECTION('center_axis',(0.,1.,0.));
#2832=DIRECTION('ref_axis',(0.0529960484770881,0.,0.998594722019806));
#2833=DIRECTION('center_axis',(0.,1.,0.));
#2834=DIRECTION('ref_axis',(0.,0.,1.));
#2835=DIRECTION('',(0.,1.,0.));
#2836=DIRECTION('',(0.,-1.,0.));
#2837=DIRECTION('center_axis',(-0.0237272243106603,-0.894175382719301,-0.447087691359652));
#2838=DIRECTION('ref_axis',(0.047387761929611,-0.447716858001561,0.892918817743535));
#2839=DIRECTION('center_axis',(1.,0.,0.));
#2840=DIRECTION('ref_axis',(0.,0.,1.));
#2841=DIRECTION('center_axis',(-0.994382837691628,0.,0.105843148594252));
#2842=DIRECTION('ref_axis',(0.105843148594252,0.,0.994382837691628));
#2843=DIRECTION('center_axis',(1.,0.,0.));
#2844=DIRECTION('ref_axis',(0.,1.,0.));
#2845=DIRECTION('center_axis',(1.,0.,0.));
#2846=DIRECTION('ref_axis',(0.,1.,0.));
#2847=DIRECTION('',(1.,0.,0.));
#2848=DIRECTION('',(-1.,0.,0.));
#2849=DIRECTION('center_axis',(1.,0.,0.));
#2850=DIRECTION('ref_axis',(0.,0.,1.));
#2851=DIRECTION('center_axis',(1.,0.,0.));
#2852=DIRECTION('ref_axis',(0.,0.,1.));
#2853=DIRECTION('',(1.,0.,0.));
#2854=DIRECTION('',(-1.,0.,0.));
#2855=DIRECTION('center_axis',(0.,1.,0.));
#2856=DIRECTION('ref_axis',(0.,0.,1.));
#2857=DIRECTION('center_axis',(0.,1.,0.));
#2858=DIRECTION('ref_axis',(0.317658733872058,0.,0.948205109032218));
#2859=DIRECTION('center_axis',(0.,-1.,0.));
#2860=DIRECTION('ref_axis',(0.317658733872058,0.,0.948205109032218));
#2861=DIRECTION('center_axis',(0.,1.,0.));
#2862=DIRECTION('ref_axis',(-1.,0.,0.));
#2863=DIRECTION('center_axis',(0.,-1.,0.));
#2864=DIRECTION('ref_axis',(0.317658733872057,0.,0.948205109032219));
#2865=DIRECTION('',(0.,1.,0.));
#2866=DIRECTION('center_axis',(0.,-1.,0.));
#2867=DIRECTION('ref_axis',(0.,0.,-1.));
#2868=DIRECTION('center_axis',(0.,1.,0.));
#2869=DIRECTION('ref_axis',(0.317658733872057,0.,0.948205109032219));
#2870=DIRECTION('center_axis',(0.,-1.,0.));
#2871=DIRECTION('ref_axis',(0.,0.,-1.));
#2872=DIRECTION('',(0.,0.,-1.));
#2873=DIRECTION('center_axis',(0.,-1.,0.));
#2874=DIRECTION('ref_axis',(1.,0.,1.22464679914735E-16));
#2875=DIRECTION('',(0.,0.,-1.));
#2876=DIRECTION('',(-1.,0.,0.));
#2877=DIRECTION('center_axis',(0.,1.,0.));
#2878=DIRECTION('ref_axis',(0.317658733872048,0.,-0.948205109032222));
#2879=DIRECTION('',(-1.,0.,2.28691417351544E-14));
#2880=DIRECTION('',(-4.63121604557922E-14,0.,-1.));
#2881=DIRECTION('center_axis',(0.,1.,0.));
#2882=DIRECTION('ref_axis',(1.,0.,-1.85407245112401E-14));
#2883=DIRECTION('',(-2.28388736494318E-14,0.,-1.));
#2884=DIRECTION('',(1.,0.,-2.30848883552951E-14));
#2885=DIRECTION('center_axis',(0.,1.,0.));
#2886=DIRECTION('ref_axis',(1.,0.,0.));
#2887=DIRECTION('center_axis',(0.,1.,0.));
#2888=DIRECTION('ref_axis',(1.,0.,0.));
#2889=DIRECTION('center_axis',(0.,1.,0.));
#2890=DIRECTION('ref_axis',(1.,0.,0.));
#2891=DIRECTION('center_axis',(0.,1.,0.));
#2892=DIRECTION('ref_axis',(1.,0.,0.));
#2893=DIRECTION('center_axis',(0.,1.,0.));
#2894=DIRECTION('ref_axis',(1.,0.,0.));
#2895=DIRECTION('center_axis',(-0.0237272243106603,-0.894175382719301,0.447087691359652));
#2896=DIRECTION('ref_axis',(0.0473877619296106,-0.447716858001561,-0.892918817743535));
#2897=DIRECTION('center_axis',(1.,0.,0.));
#2898=DIRECTION('ref_axis',(0.,-1.,0.));
#2899=DIRECTION('center_axis',(0.,-1.,0.));
#2900=DIRECTION('ref_axis',(0.,0.,-1.));
#2901=DIRECTION('center_axis',(-0.994382837691628,0.,-0.105843148594251));
#2902=DIRECTION('ref_axis',(0.105843148594252,0.,-0.994382837691628));
#2903=DIRECTION('center_axis',(0.,1.,0.));
#2904=DIRECTION('ref_axis',(0.0529960484770881,0.,-0.998594722019806));
#2905=DIRECTION('center_axis',(0.,-1.,0.));
#2906=DIRECTION('ref_axis',(0.,0.,-1.));
#2907=DIRECTION('',(0.,-1.,0.));
#2908=DIRECTION('',(0.,1.,0.));
#2909=DIRECTION('center_axis',(0.0237272243106603,-0.894175382719301,-0.447087691359652));
#2910=DIRECTION('ref_axis',(0.0473877619296105,0.447716858001563,-0.892918817743534));
#2911=DIRECTION('center_axis',(1.,0.,0.));
#2912=DIRECTION('ref_axis',(0.,0.,-1.));
#2913=DIRECTION('center_axis',(-0.994382837691628,0.,-0.105843148594252));
#2914=DIRECTION('ref_axis',(0.105843148594252,0.,-0.994382837691628));
#2915=DIRECTION('center_axis',(1.,0.,0.));
#2916=DIRECTION('ref_axis',(0.,-1.,0.));
#2917=DIRECTION('center_axis',(1.,0.,0.));
#2918=DIRECTION('ref_axis',(0.,-1.,0.));
#2919=DIRECTION('',(1.,0.,0.));
#2920=DIRECTION('center_axis',(1.,0.,0.));
#2921=DIRECTION('ref_axis',(0.,0.,-1.));
#2922=DIRECTION('center_axis',(1.,0.,0.));
#2923=DIRECTION('ref_axis',(0.,0.,-1.));
#2924=DIRECTION('',(1.,0.,0.));
#2925=DIRECTION('',(-1.,0.,0.));
#2926=DIRECTION('center_axis',(0.,0.,-1.));
#2927=DIRECTION('ref_axis',(-1.,0.,0.));
#2928=DIRECTION('',(0.,-1.,0.));
#2929=DIRECTION('center_axis',(-1.,0.,0.));
#2930=DIRECTION('ref_axis',(0.,0.,1.));
#2931=DIRECTION('',(0.,-1.,0.));
#2932=DIRECTION('',(0.,0.,1.));
#2933=DIRECTION('center_axis',(1.,0.,0.));
#2934=DIRECTION('ref_axis',(-2.28388736494318E-14,0.,-1.));
#2935=DIRECTION('center_axis',(0.408248290463845,-0.81649658092773,-0.408248290463874));
#2936=DIRECTION('ref_axis',(0.577350269189612,0.577350269189619,-0.577350269189647));
#2937=DIRECTION('center_axis',(0.,1.,0.));
#2938=DIRECTION('ref_axis',(1.,0.,-4.88498130835068E-14));
#2939=DIRECTION('center_axis',(1.,0.,-2.28691417351544E-14));
#2940=DIRECTION('ref_axis',(-1.77635683940025E-14,0.707106781186545,-0.70710678118655));
#2941=DIRECTION('center_axis',(-4.63121604557922E-14,0.,-1.));
#2942=DIRECTION('ref_axis',(0.70710678118655,0.707106781186545,-3.5527136788005E-14));
#2943=DIRECTION('center_axis',(0.,1.,0.));
#2944=DIRECTION('ref_axis',(0.707106781186519,0.,-0.707106781186576));
#2945=DIRECTION('center_axis',(0.,1.,0.));
#2946=DIRECTION('ref_axis',(1.,0.,-4.44089209850062E-14));
#2947=DIRECTION('',(0.,1.,0.));
#2948=DIRECTION('',(0.,-1.,0.));
#2949=DIRECTION('center_axis',(-0.408248290463845,-0.816496580927729,0.408248290463874));
#2950=DIRECTION('ref_axis',(0.577350269189609,-0.577350269189621,-0.577350269189648));
#2951=DIRECTION('center_axis',(-4.63121604557922E-14,0.,-1.));
#2952=DIRECTION('ref_axis',(0.70710678118655,-0.707106781186545,-3.5527136788005E-14));
#2953=DIRECTION('center_axis',(1.,0.,-2.28691417351544E-14));
#2954=DIRECTION('ref_axis',(-1.77635683940025E-14,-0.707106781186549,-0.707106781186546));
#2955=DIRECTION('center_axis',(1.,0.,-4.63121604557922E-14));
#2956=DIRECTION('ref_axis',(-4.63121604557922E-14,0.,-1.));
#2957=DIRECTION('',(-4.63121604557922E-14,0.,-1.));
#2958=DIRECTION('',(0.,1.,0.));
#2959=DIRECTION('',(4.63121604557922E-14,0.,1.));
#2960=DIRECTION('',(-4.01075074588572E-14,-0.500000000000002,-0.866025403784438));
#2961=DIRECTION('',(0.,-1.,0.));
#2962=DIRECTION('',(4.01075074588573E-14,-0.499999999999997,0.86602540378444));
#2963=DIRECTION('',(4.01075074588572E-14,0.500000000000001,0.866025403784438));
#2964=DIRECTION('',(0.,1.,0.));
#2965=DIRECTION('',(-4.01075074588571E-14,0.500000000000002,-0.866025403784437));
#2966=DIRECTION('center_axis',(-4.63121604557922E-14,0.,-1.));
#2967=DIRECTION('ref_axis',(0.707106781186549,0.707106781186546,-3.29719416323592E-14));
#2968=DIRECTION('',(4.63121604557922E-14,0.,1.));
#2969=DIRECTION('center_axis',(-1.,0.,2.28691417351544E-14));
#2970=DIRECTION('ref_axis',(-1.88411095042052E-14,0.707106781186546,-0.707106781186549));
#2971=DIRECTION('',(-1.,0.,2.28691417351544E-14));
#2972=DIRECTION('',(1.,0.,-2.28691417351544E-14));
#2973=DIRECTION('center_axis',(0.408248290463859,0.408248290463852,-0.816496580927733));
#2974=DIRECTION('ref_axis',(0.577350269189637,0.577350269189626,0.577350269189615));
#2975=DIRECTION('center_axis',(0.,1.,0.));
#2976=DIRECTION('ref_axis',(2.66453525910037E-14,0.,1.));
#2977=DIRECTION('center_axis',(2.28388736494318E-14,0.,1.));
#2978=DIRECTION('ref_axis',(0.707106781186546,0.707106781186549,-1.77635683940025E-14));
#2979=DIRECTION('center_axis',(1.,0.,-2.30848883552951E-14));
#2980=DIRECTION('ref_axis',(1.77635683940025E-14,0.707106781186545,0.70710678118655));
#2981=DIRECTION('center_axis',(0.,1.,0.));
#2982=DIRECTION('ref_axis',(0.707106781186563,0.,0.707106781186532));
#2983=DIRECTION('center_axis',(0.,1.,0.));
#2984=DIRECTION('ref_axis',(2.22044604925032E-14,0.,1.));
#2985=DIRECTION('',(0.,1.,0.));
#2986=DIRECTION('',(0.,-1.,0.));
#2987=DIRECTION('center_axis',(0.40824829046386,-0.408248290463851,-0.816496580927734));
#2988=DIRECTION('ref_axis',(0.577350269189637,-0.577350269189625,0.577350269189616));
#2989=DIRECTION('center_axis',(1.,0.,-2.30848883552951E-14));
#2990=DIRECTION('ref_axis',(1.77635683940025E-14,-0.707106781186549,0.707106781186546));
#2991=DIRECTION('center_axis',(2.28388736494318E-14,0.,1.));
#2992=DIRECTION('ref_axis',(0.707106781186546,-0.707106781186549,-1.77635683940025E-14));
#2993=DIRECTION('center_axis',(2.30848883552951E-14,0.,1.));
#2994=DIRECTION('ref_axis',(1.,0.,-2.30848883552951E-14));
#2995=DIRECTION('',(1.,0.,-2.30848883552951E-14));
#2996=DIRECTION('',(-1.,0.,2.30848883552951E-14));
#2997=DIRECTION('center_axis',(1.,0.,-2.30848883552951E-14));
#2998=DIRECTION('ref_axis',(1.57009245868377E-14,0.707106781186546,0.707106781186549));
#2999=DIRECTION('',(-1.,0.,2.30848883552951E-14));
#3000=DIRECTION('center_axis',(-2.28388736494318E-14,0.,-1.));
#3001=DIRECTION('ref_axis',(0.707106781186546,0.707106781186549,-1.57009245868378E-14));
#3002=DIRECTION('',(-2.28388736494318E-14,0.,-1.));
#3003=DIRECTION('',(2.28388736494318E-14,0.,1.));
#3004=DIRECTION('center_axis',(0.,0.,1.));
#3005=DIRECTION('ref_axis',(-1.,0.,0.));
#3006=DIRECTION('',(0.,1.,0.));
#3007=DIRECTION('center_axis',(0.,1.,0.));
#3008=DIRECTION('ref_axis',(0.,0.,1.));
#3009=DIRECTION('center_axis',(0.,1.,0.));
#3010=DIRECTION('ref_axis',(0.,0.,1.));
#3011=DIRECTION('center_axis',(0.,-1.,0.));
#3012=DIRECTION('ref_axis',(0.317658733872042,0.,-0.948205109032224));
#3013=DIRECTION('center_axis',(0.,1.,0.));
#3014=DIRECTION('ref_axis',(1.,0.,-1.22464679914735E-16));
#3015=DIRECTION('',(0.,0.,1.));
#3016=DIRECTION('center_axis',(0.,1.,0.));
#3017=DIRECTION('ref_axis',(0.,0.,1.));
#3018=DIRECTION('center_axis',(0.,1.,0.));
#3019=DIRECTION('ref_axis',(0.,0.,1.));
#3020=DIRECTION('center_axis',(0.,1.,0.));
#3021=DIRECTION('ref_axis',(0.905649517749492,0.,0.424027063994872));
#3022=DIRECTION('center_axis',(0.,-1.,0.));
#3023=DIRECTION('ref_axis',(0.,0.,-1.));
#3024=DIRECTION('center_axis',(0.,-1.,0.));
#3025=DIRECTION('ref_axis',(1.,0.,-1.22464679914735E-16));
#3026=DIRECTION('center_axis',(0.,1.,0.));
#3027=DIRECTION('ref_axis',(1.,0.,0.));
#3028=DIRECTION('center_axis',(0.,1.,0.));
#3029=DIRECTION('ref_axis',(1.,0.,1.22464679914735E-16));
#3030=DIRECTION('',(0.,-1.,0.));
#3031=DIRECTION('center_axis',(0.,-0.518060867387753,0.855343754102086));
#3032=DIRECTION('ref_axis',(0.,-0.855343754102086,-0.518060867387753));
#3033=DIRECTION('center_axis',(0.,-0.999779853714633,-0.0209819948133528));
#3034=DIRECTION('ref_axis',(0.,0.0209819948133528,-0.999779853714633));
#3035=DIRECTION('center_axis',(0.,-0.48171898632688,-0.876325748915438));
#3036=DIRECTION('ref_axis',(0.,0.876325748915438,-0.48171898632688));
#3037=DIRECTION('center_axis',(0.,0.518060867387753,-0.855343754102086));
#3038=DIRECTION('ref_axis',(0.,-0.855343754102086,-0.518060867387753));
#3039=DIRECTION('center_axis',(0.,0.999779853714633,0.0209819948133524));
#3040=DIRECTION('ref_axis',(0.,0.0209819948133524,-0.999779853714633));
#3041=DIRECTION('center_axis',(0.,0.481718986326879,0.876325748915438));
#3042=DIRECTION('ref_axis',(0.,0.876325748915438,-0.481718986326879));
#3043=DIRECTION('center_axis',(0.,1.,0.));
#3044=DIRECTION('ref_axis',(0.,0.,1.));
#3045=DIRECTION('center_axis',(0.,1.,0.));
#3046=DIRECTION('ref_axis',(0.317658733872042,0.,-0.948205109032224));
#3047=DIRECTION('center_axis',(0.,1.,0.));
#3048=DIRECTION('ref_axis',(0.,0.,1.));
#3049=DIRECTION('center_axis',(0.,1.,0.));
#3050=DIRECTION('ref_axis',(0.905649517749485,0.,-0.424027063994889));
#3051=DIRECTION('center_axis',(0.,1.,0.));
#3052=DIRECTION('ref_axis',(-1.,0.,0.));
#3053=DIRECTION('',(0.,-1.,0.));
#3054=DIRECTION('center_axis',(0.,-1.,0.));
#3055=DIRECTION('ref_axis',(0.317658733872048,0.,-0.948205109032222));
#3056=DIRECTION('center_axis',(-2.28691417351544E-14,0.,-1.));
#3057=DIRECTION('ref_axis',(-1.,0.,2.28691417351544E-14));
#3058=DIRECTION('',(1.,0.,-2.28691417351544E-14));
#3059=DIRECTION('center_axis',(0.,1.,0.));
#3060=DIRECTION('ref_axis',(-1.,0.,0.));
#3061=DIRECTION('center_axis',(0.,-1.,0.));
#3062=DIRECTION('ref_axis',(1.,0.,-1.85407245112401E-14));
#3063=DIRECTION('center_axis',(-1.,0.,2.30848883552951E-14));
#3064=DIRECTION('ref_axis',(1.57009245868378E-14,-0.707106781186549,0.707106781186546));
#3065=DIRECTION('center_axis',(2.28388736494318E-14,0.,1.));
#3066=DIRECTION('ref_axis',(0.707106781186546,-0.707106781186549,-1.57009245868378E-14));
#3067=DIRECTION('',(2.28388736494318E-14,0.,1.));
#3068=DIRECTION('center_axis',(0.,-1.,0.));
#3069=DIRECTION('ref_axis',(0.,0.,-1.));
#3070=DIRECTION('center_axis',(0.,-1.,0.));
#3071=DIRECTION('ref_axis',(1.,0.,-1.85407245112401E-14));
#3072=DIRECTION('center_axis',(4.63121604557922E-14,0.,1.));
#3073=DIRECTION('ref_axis',(0.707106781186549,-0.707106781186546,-3.29719416323592E-14));
#3074=DIRECTION('center_axis',(1.,0.,-2.28691417351544E-14));
#3075=DIRECTION('ref_axis',(-1.57009245868378E-14,-0.707106781186549,-0.707106781186546));
#3076=DIRECTION('center_axis',(0.,-1.,0.));
#3077=DIRECTION('ref_axis',(0.,0.,-1.));
#3078=DIRECTION('center_axis',(1.,0.,-2.28388736494318E-14));
#3079=DIRECTION('ref_axis',(-2.28388736494318E-14,0.,-1.));
#3080=DIRECTION('',(0.,1.,0.));
#3081=DIRECTION('center_axis',(-1.,0.,2.28388736494318E-14));
#3082=DIRECTION('ref_axis',(-2.28455341550163E-14,0.,-1.));
#3083=DIRECTION('center_axis',(0.,1.,0.));
#3084=DIRECTION('ref_axis',(-1.,0.,0.));
#3085=DIRECTION('center_axis',(0.,1.,0.));
#3086=DIRECTION('ref_axis',(0.,0.,1.));
#3087=DIRECTION('center_axis',(0.,-1.,0.));
#3088=DIRECTION('ref_axis',(1.,0.,0.));
#3089=DIRECTION('',(0.,1.,0.));
#3090=DIRECTION('center_axis',(0.,-1.,0.));
#3091=DIRECTION('ref_axis',(1.,0.,0.));
#3092=DIRECTION('center_axis',(0.,-1.,0.));
#3093=DIRECTION('ref_axis',(1.,0.,0.));
#3094=DIRECTION('',(0.,1.,0.));
#3095=DIRECTION('center_axis',(0.,-1.,0.));
#3096=DIRECTION('ref_axis',(1.,0.,0.));
#3097=DIRECTION('center_axis',(0.,-1.,0.));
#3098=DIRECTION('ref_axis',(1.,0.,0.));
#3099=DIRECTION('',(0.,1.,0.));
#3100=DIRECTION('center_axis',(0.,-1.,0.));
#3101=DIRECTION('ref_axis',(1.,0.,0.));
#3102=DIRECTION('center_axis',(0.,-1.,0.));
#3103=DIRECTION('ref_axis',(1.,0.,0.));
#3104=DIRECTION('',(0.,1.,0.));
#3105=DIRECTION('center_axis',(0.,-1.,0.));
#3106=DIRECTION('ref_axis',(1.,0.,0.));
#3107=DIRECTION('center_axis',(0.,-1.,0.));
#3108=DIRECTION('ref_axis',(1.,0.,0.));
#3109=DIRECTION('',(0.,1.,0.));
#3110=DIRECTION('center_axis',(0.,-1.,0.));
#3111=DIRECTION('ref_axis',(1.,0.,0.));
#3112=DIRECTION('center_axis',(-1.,0.,2.28455341550163E-14));
#3113=DIRECTION('ref_axis',(2.28455341550163E-14,0.,1.));
#3114=DIRECTION('',(0.,-1.,0.));
#3115=DIRECTION('',(-1.97790447742309E-14,-0.500000000000002,-0.866025403784438));
#3116=DIRECTION('',(-1.97790447742309E-14,0.500000000000002,-0.866025403784437));
#3117=DIRECTION('',(0.,1.,0.));
#3118=DIRECTION('',(1.97790447742309E-14,0.500000000000001,0.866025403784438));
#3119=DIRECTION('',(1.9779044774231E-14,-0.499999999999997,0.86602540378444));
#3120=DIRECTION('center_axis',(-1.,0.,2.28455341550163E-14));
#3121=DIRECTION('ref_axis',(-2.28388736494318E-14,0.,-1.));
#3122=DIRECTION('center_axis',(-2.28455341550163E-14,0.,-1.));
#3123=DIRECTION('ref_axis',(0.,-1.,0.));
#3124=DIRECTION('',(-1.,0.,2.28455341550163E-14));
#3125=DIRECTION('',(-1.,0.,2.28455341550163E-14));
#3126=DIRECTION('center_axis',(-1.14227670775081E-14,-0.86602540378444,
-0.499999999999997));
#3127=DIRECTION('ref_axis',(1.9779044774231E-14,-0.499999999999997,0.86602540378444));
#3128=DIRECTION('',(-1.,0.,2.28455341550163E-14));
#3129=DIRECTION('center_axis',(1.14227670775082E-14,-0.866025403784438,
0.500000000000001));
#3130=DIRECTION('ref_axis',(1.97790447742309E-14,0.500000000000001,0.866025403784438));
#3131=DIRECTION('',(-1.,0.,2.28455341550163E-14));
#3132=DIRECTION('center_axis',(2.28455341550163E-14,0.,1.));
#3133=DIRECTION('ref_axis',(0.,1.,0.));
#3134=DIRECTION('',(-1.,0.,2.28455341550163E-14));
#3135=DIRECTION('center_axis',(1.14227670775082E-14,0.866025403784437,0.500000000000003));
#3136=DIRECTION('ref_axis',(-1.97790447742309E-14,0.500000000000002,-0.866025403784437));
#3137=DIRECTION('',(-1.,0.,2.28455341550163E-14));
#3138=DIRECTION('center_axis',(-1.14227670775082E-14,0.866025403784438,
-0.500000000000002));
#3139=DIRECTION('ref_axis',(-1.97790447742309E-14,-0.500000000000002,-0.866025403784438));
#3140=DIRECTION('center_axis',(1.,0.,-2.28388736494318E-14));
#3141=DIRECTION('ref_axis',(-2.28388736494318E-14,0.,-1.));
#3142=DIRECTION('center_axis',(-1.,0.,2.28388736494318E-14));
#3143=DIRECTION('ref_axis',(-2.28388736494318E-14,0.,-1.));
#3144=DIRECTION('center_axis',(-1.,0.,2.28388736494318E-14));
#3145=DIRECTION('ref_axis',(-2.28388736494318E-14,0.,-1.));
#3146=DIRECTION('center_axis',(-1.,0.,2.28455341550163E-14));
#3147=DIRECTION('ref_axis',(-2.28455341550163E-14,0.,-1.));
#3148=DIRECTION('',(-1.,0.,2.28455341550163E-14));
#3149=DIRECTION('center_axis',(-1.,0.,0.));
#3150=DIRECTION('ref_axis',(0.,0.,1.));
#3151=DIRECTION('',(0.,1.,0.));
#3152=DIRECTION('center_axis',(1.,0.,0.));
#3153=DIRECTION('ref_axis',(-2.28388736494318E-14,0.,-1.));
#3154=DIRECTION('center_axis',(0.,0.,1.));
#3155=DIRECTION('ref_axis',(1.,0.,0.));
#3156=DIRECTION('center_axis',(1.,0.,-2.28388736494318E-14));
#3157=DIRECTION('ref_axis',(-2.28388736494318E-14,0.,-1.));
#3158=DIRECTION('',(-1.,0.,2.28388736494318E-14));
#3159=DIRECTION('center_axis',(1.,0.,-2.28388736494318E-14));
#3160=DIRECTION('ref_axis',(-2.28388736494318E-14,0.,-1.));
#3161=DIRECTION('',(-1.,0.,2.28388736494318E-14));
#3162=DIRECTION('center_axis',(0.,0.999779853714633,0.0209819948133528));
#3163=DIRECTION('ref_axis',(0.,0.0209819948133528,-0.999779853714633));
#3164=DIRECTION('',(1.,0.,0.));
#3165=DIRECTION('',(-1.,0.,0.));
#3166=DIRECTION('',(-1.,0.,0.));
#3167=DIRECTION('',(0.,-0.0209819948133528,0.999779853714633));
#3168=DIRECTION('center_axis',(0.,0.518060867387753,-0.855343754102086));
#3169=DIRECTION('ref_axis',(0.,-0.855343754102086,-0.518060867387753));
#3170=DIRECTION('',(0.,0.855343754102086,0.518060867387753));
#3171=DIRECTION('',(-1.,0.,0.));
#3172=DIRECTION('center_axis',(0.,-0.481718986326879,-0.876325748915438));
#3173=DIRECTION('ref_axis',(0.,-0.876325748915438,0.481718986326879));
#3174=DIRECTION('',(-1.,0.,0.));
#3175=DIRECTION('',(-1.,0.,0.));
#3176=DIRECTION('center_axis',(0.,-0.999779853714633,-0.0209819948133524));
#3177=DIRECTION('ref_axis',(0.,-0.0209819948133524,0.999779853714633));
#3178=DIRECTION('',(-1.,0.,0.));
#3179=DIRECTION('center_axis',(0.,-0.518060867387753,0.855343754102086));
#3180=DIRECTION('ref_axis',(0.,0.855343754102086,0.518060867387753));
#3181=DIRECTION('',(-1.,0.,0.));
#3182=DIRECTION('center_axis',(0.,0.48171898632688,0.876325748915438));
#3183=DIRECTION('ref_axis',(0.,0.876325748915438,-0.48171898632688));
#3184=DIRECTION('',(-1.,0.,0.));
#3185=DIRECTION('',(0.,-0.876325748915438,0.48171898632688));
#3186=DIRECTION('',(1.,0.,0.));
#3187=DIRECTION('center_axis',(-1.,0.,0.));
#3188=DIRECTION('ref_axis',(0.,0.,1.));
#3189=DIRECTION('',(0.,0.876121277738486,-0.482090766032584));
#3190=DIRECTION('',(0.,-0.876121277738485,0.482090766032585));
#3191=DIRECTION('',(0.,-0.0205577885551246,0.999788666333902));
#3192=DIRECTION('',(0.,0.855563489183361,0.517697900301318));
#3193=DIRECTION('center_axis',(0.,-0.482090766032585,-0.876121277738485));
#3194=DIRECTION('ref_axis',(0.,-0.876121277738485,0.482090766032585));
#3195=DIRECTION('',(-1.,0.,0.));
#3196=DIRECTION('center_axis',(0.,-0.999788666333902,-0.0205577885551246));
#3197=DIRECTION('ref_axis',(0.,-0.0205577885551246,0.999788666333902));
#3198=DIRECTION('',(-1.,0.,0.));
#3199=DIRECTION('center_axis',(0.,0.482090766032584,0.876121277738486));
#3200=DIRECTION('ref_axis',(0.,0.876121277738486,-0.482090766032584));
#3201=DIRECTION('center_axis',(0.,-0.517697900301318,0.855563489183361));
#3202=DIRECTION('ref_axis',(0.,0.855563489183361,0.517697900301318));
#3203=DIRECTION('center_axis',(0.,-1.,0.));
#3204=DIRECTION('ref_axis',(0.,0.,-1.));
#3205=DIRECTION('',(-1.,0.,2.28691417351544E-14));
#3206=DIRECTION('center_axis',(0.,1.,0.));
#3207=DIRECTION('ref_axis',(-1.,0.,0.));
#3208=DIRECTION('',(-1.,0.,0.));
#3209=DIRECTION('',(0.,0.,1.));
#3210=DIRECTION('center_axis',(0.,-1.,0.));
#3211=DIRECTION('ref_axis',(1.,0.,0.));
#3212=DIRECTION('',(0.,0.,1.));
#3213=DIRECTION('',(1.,0.,0.));
#3214=DIRECTION('center_axis',(0.,1.,0.));
#3215=DIRECTION('ref_axis',(-1.,0.,0.));
#3216=DIRECTION('',(1.,0.,-2.30848883552951E-14));
#3217=DIRECTION('',(-2.28388736494318E-14,0.,-1.));
#3218=DIRECTION('center_axis',(0.,1.,0.));
#3219=DIRECTION('ref_axis',(-1.,0.,0.));
#3220=DIRECTION('',(-1.,0.,0.));
#3221=DIRECTION('',(0.,0.,-1.));
#3222=DIRECTION('',(1.,0.,0.));
#3223=DIRECTION('center_axis',(0.,1.,0.));
#3224=DIRECTION('ref_axis',(-1.,0.,0.));
#3225=DIRECTION('',(1.,0.,0.));
#3226=DIRECTION('',(0.,0.,-1.));
#3227=DIRECTION('',(-1.,0.,0.));
#3228=DIRECTION('center_axis',(0.,1.,0.));
#3229=DIRECTION('ref_axis',(-1.,0.,0.));
#3230=DIRECTION('',(-4.63121604557922E-14,0.,-1.));
#3231=DIRECTION('center_axis',(-1.,0.,0.));
#3232=DIRECTION('ref_axis',(0.,0.,1.));
#3233=DIRECTION('',(0.,0.876325748915438,-0.48171898632688));
#3234=DIRECTION('',(0.,-0.855343754102086,-0.518060867387753));
#3235=DIRECTION('',(0.,-0.876121277738486,0.482090766032584));
#3236=DIRECTION('center_axis',(-1.,0.,0.));
#3237=DIRECTION('ref_axis',(0.,0.,1.));
#3238=DIRECTION('',(0.,0.,-1.));
#3239=DIRECTION('',(0.,-0.876325748915438,0.481718986326879));
#3240=DIRECTION('',(0.,-0.855343754102086,-0.518060867387753));
#3241=DIRECTION('',(0.,0.876121277738485,-0.482090766032585));
#3242=DIRECTION('center_axis',(0.,1.,0.));
#3243=DIRECTION('ref_axis',(-1.,0.,0.));
#3244=DIRECTION('',(0.,1.,0.));
#3245=DIRECTION('',(0.,1.,0.));
#3246=DIRECTION('center_axis',(0.,-1.,0.));
#3247=DIRECTION('ref_axis',(-1.,0.,0.));
#3248=DIRECTION('',(0.,1.,0.));
#3249=DIRECTION('center_axis',(2.30848883552951E-14,0.,1.));
#3250=DIRECTION('ref_axis',(1.,0.,-2.30848883552951E-14));
#3251=DIRECTION('',(-1.,0.,2.28455341550163E-14));
#3252=DIRECTION('',(-1.,0.,2.30848883552951E-14));
#3253=DIRECTION('',(0.,-1.,0.));
#3254=DIRECTION('center_axis',(2.30848883552951E-14,0.,1.));
#3255=DIRECTION('ref_axis',(1.,0.,-2.30848883552951E-14));
#3256=DIRECTION('',(1.,0.,-2.28455341550163E-14));
#3257=DIRECTION('',(0.,-1.,0.));
#3258=DIRECTION('center_axis',(0.,1.,0.));
#3259=DIRECTION('ref_axis',(-1.,0.,0.));
#3260=DIRECTION('center_axis',(0.,0.481718986326879,0.876325748915438));
#3261=DIRECTION('ref_axis',(0.,-0.876325748915438,0.481718986326879));
#3262=DIRECTION('center_axis',(0.,-1.,0.));
#3263=DIRECTION('ref_axis',(-1.,0.,0.));
#3264=DIRECTION('',(0.,-1.,0.));
#3265=DIRECTION('',(0.,-1.,0.));
#3266=DIRECTION('center_axis',(0.,0.,-1.));
#3267=DIRECTION('ref_axis',(1.,0.,0.));
#3268=DIRECTION('',(-1.,0.,0.));
#3269=DIRECTION('',(0.,1.,0.));
#3270=DIRECTION('center_axis',(0.,1.,0.));
#3271=DIRECTION('ref_axis',(-1.,0.,0.));
#3272=DIRECTION('center_axis',(0.,-0.48171898632688,-0.876325748915438));
#3273=DIRECTION('ref_axis',(0.,-0.876325748915438,0.48171898632688));
#3274=DIRECTION('',(0.,1.,0.));
#3275=DIRECTION('center_axis',(0.,-1.,0.));
#3276=DIRECTION('ref_axis',(-1.,0.,0.));
#3277=DIRECTION('',(0.,1.,0.));
#3278=DIRECTION('center_axis',(0.,0.,1.));
#3279=DIRECTION('ref_axis',(-1.,0.,0.));
#3280=DIRECTION('',(-1.,0.,0.));
#3281=DIRECTION('',(-1.,0.,0.));
#3282=DIRECTION('',(0.,1.,0.));
#3283=DIRECTION('center_axis',(0.,0.48171898632688,0.876325748915438));
#3284=DIRECTION('ref_axis',(0.,0.876325748915438,-0.48171898632688));
#3285=DIRECTION('',(1.,0.,0.));
#3286=DIRECTION('',(0.,0.876325748915438,-0.48171898632688));
#3287=DIRECTION('',(-1.,0.,0.));
#3288=DIRECTION('center_axis',(0.,-0.48171898632688,-0.876325748915438));
#3289=DIRECTION('ref_axis',(0.,0.876325748915438,-0.48171898632688));
#3290=DIRECTION('center_axis',(0.,1.,0.));
#3291=DIRECTION('ref_axis',(-1.,0.,0.));
#3292=DIRECTION('center_axis',(0.,-0.482090766032585,-0.876121277738485));
#3293=DIRECTION('ref_axis',(0.,-0.876121277738485,0.482090766032585));
#3294=DIRECTION('',(0.,-1.,0.));
#3295=DIRECTION('center_axis',(0.,-1.,0.));
#3296=DIRECTION('ref_axis',(-1.,0.,0.));
#3297=DIRECTION('center_axis',(0.,0.,-1.));
#3298=DIRECTION('ref_axis',(1.,0.,0.));
#3299=DIRECTION('',(1.,0.,0.));
#3300=DIRECTION('',(0.,1.,0.));
#3301=DIRECTION('',(1.,0.,0.));
#3302=DIRECTION('center_axis',(0.,1.,0.));
#3303=DIRECTION('ref_axis',(-1.,0.,0.));
#3304=DIRECTION('center_axis',(0.,0.482090766032584,0.876121277738486));
#3305=DIRECTION('ref_axis',(0.,-0.876121277738485,0.482090766032584));
#3306=DIRECTION('',(0.,1.,0.));
#3307=DIRECTION('center_axis',(0.,0.,1.));
#3308=DIRECTION('ref_axis',(-1.,0.,0.));
#3309=DIRECTION('',(1.,0.,0.));
#3310=DIRECTION('',(0.,1.,0.));
#3311=DIRECTION('center_axis',(0.,-0.482090766032585,-0.876121277738485));
#3312=DIRECTION('ref_axis',(0.,-0.876121277738485,0.482090766032585));
#3313=DIRECTION('',(1.,0.,0.));
#3314=DIRECTION('',(0.,0.876121277738485,-0.482090766032585));
#3315=DIRECTION('',(1.,0.,0.));
#3316=DIRECTION('',(0.,-0.876121277738485,0.482090766032585));
#3317=DIRECTION('center_axis',(0.,0.482090766032584,0.876121277738486));
#3318=DIRECTION('ref_axis',(0.,0.876121277738486,-0.482090766032584));
#3319=DIRECTION('',(-1.,0.,0.));
#3320=DIRECTION('',(0.,0.876121277738486,-0.482090766032584));
#3321=DIRECTION('center_axis',(0.,0.482090766032584,0.876121277738486));
#3322=DIRECTION('ref_axis',(0.,0.876121277738486,-0.482090766032584));
#3323=DIRECTION('',(-1.,0.,0.));
#3324=DIRECTION('',(0.,-0.876121277738486,0.482090766032584));
#3325=DIRECTION('',(-1.,0.,0.));
#3326=DIRECTION('',(0.,0.876121277738486,-0.482090766032584));
#3327=DIRECTION('center_axis',(1.,0.,0.));
#3328=DIRECTION('ref_axis',(0.,0.,1.));
#3329=DIRECTION('',(0.,0.855343754102086,0.518060867387753));
#3330=DIRECTION('',(0.,-0.0209819948133524,0.999779853714633));
#3331=DIRECTION('',(0.,-0.876325748915438,0.481718986326879));
#3332=DIRECTION('center_axis',(0.,-0.481718986326879,-0.876325748915438));
#3333=DIRECTION('ref_axis',(0.,-0.876325748915438,0.481718986326879));
#3334=DIRECTION('',(-1.,0.,0.));
#3335=DIRECTION('',(1.,0.,0.));
#3336=DIRECTION('center_axis',(0.,0.481718986326879,0.876325748915438));
#3337=DIRECTION('ref_axis',(0.,0.876325748915438,-0.481718986326879));
#3338=DIRECTION('',(1.,0.,0.));
#3339=DIRECTION('center_axis',(0.,0.518060867387753,-0.855343754102086));
#3340=DIRECTION('ref_axis',(0.,-0.855343754102086,-0.518060867387753));
#3341=DIRECTION('center_axis',(0.,-0.518060867387753,0.855343754102086));
#3342=DIRECTION('ref_axis',(0.,-0.855343754102086,-0.518060867387753));
#3343=DIRECTION('',(1.,0.,0.));
#3344=DIRECTION('',(0.,-0.855343754102086,-0.518060867387753));
#3345=DIRECTION('center_axis',(1.,0.,0.));
#3346=DIRECTION('ref_axis',(0.,0.,-1.));
#3347=DIRECTION('center_axis',(1.,0.,0.));
#3348=DIRECTION('ref_axis',(0.,0.,-1.));
#3349=DIRECTION('center_axis',(-1.,0.,0.));
#3350=DIRECTION('ref_axis',(0.,0.,-1.));
#3351=DIRECTION('center_axis',(-1.,0.,0.));
#3352=DIRECTION('ref_axis',(0.,0.,1.));
#3353=DIRECTION('',(0.,0.0209819948133528,-0.999779853714633));
#3354=DIRECTION('center_axis',(0.,-0.518060867387753,0.855343754102086));
#3355=DIRECTION('ref_axis',(0.,0.855343754102086,0.518060867387753));
#3356=DIRECTION('center_axis',(0.,0.518060867387753,-0.855343754102086));
#3357=DIRECTION('ref_axis',(0.,-0.855343754102086,-0.518060867387753));
#3358=DIRECTION('',(1.,0.,0.));
#3359=DIRECTION('center_axis',(0.,-0.999779853714633,-0.0209819948133524));
#3360=DIRECTION('ref_axis',(0.,-0.0209819948133524,0.999779853714633));
#3361=DIRECTION('center_axis',(0.,0.999779853714633,0.0209819948133524));
#3362=DIRECTION('ref_axis',(0.,0.0209819948133524,-0.999779853714633));
#3363=DIRECTION('center_axis',(0.,0.999779853714633,0.0209819948133528));
#3364=DIRECTION('ref_axis',(0.,0.0209819948133528,-0.999779853714633));
#3365=DIRECTION('center_axis',(0.,-0.999779853714633,-0.0209819948133528));
#3366=DIRECTION('ref_axis',(0.,0.0209819948133528,-0.999779853714633));
#3367=DIRECTION('',(0.,0.0209819948133528,-0.999779853714633));
#3368=DIRECTION('center_axis',(1.,0.,0.));
#3369=DIRECTION('ref_axis',(0.,0.,1.));
#3370=DIRECTION('',(0.,0.,1.));
#3371=DIRECTION('center_axis',(1.,0.,-2.28388736494318E-14));
#3372=DIRECTION('ref_axis',(-2.28388736494318E-14,0.,-1.));
#3373=DIRECTION('center_axis',(1.,0.,0.));
#3374=DIRECTION('ref_axis',(-2.28388736494318E-14,0.,-1.));
#3375=DIRECTION('',(1.,0.,-2.28388736494318E-14));
#3376=DIRECTION('center_axis',(1.,0.,-2.28455341550163E-14));
#3377=DIRECTION('ref_axis',(-2.28388736494318E-14,0.,-1.));
#3378=DIRECTION('center_axis',(1.,0.,-2.28388736494318E-14));
#3379=DIRECTION('ref_axis',(-2.28388736494318E-14,0.,-1.));
#3380=DIRECTION('center_axis',(1.,0.,0.));
#3381=DIRECTION('ref_axis',(-2.28388736494318E-14,0.,-1.));
#3382=DIRECTION('',(1.,0.,-2.28388736494318E-14));
#3383=DIRECTION('center_axis',(-1.,0.,2.28388736494318E-14));
#3384=DIRECTION('ref_axis',(-2.28388736494318E-14,0.,-1.));
#3385=DIRECTION('center_axis',(0.,0.,1.));
#3386=DIRECTION('ref_axis',(1.,0.,0.));
#3387=DIRECTION('',(0.,-1.,0.));
#3388=DIRECTION('',(-1.,0.,0.));
#3389=DIRECTION('center_axis',(-1.,0.,0.));
#3390=DIRECTION('ref_axis',(0.,0.,1.));
#3391=DIRECTION('',(0.,-1.,0.));
#3392=DIRECTION('',(0.,0.,-1.));
#3393=DIRECTION('center_axis',(-1.,0.,0.));
#3394=DIRECTION('ref_axis',(0.,0.,1.));
#3395=DIRECTION('',(0.,-1.,0.));
#3396=DIRECTION('',(0.,0.,-1.));
#3397=DIRECTION('',(0.,1.,0.));
#3398=DIRECTION('center_axis',(0.,0.,-1.));
#3399=DIRECTION('ref_axis',(-1.,0.,0.));
#3400=DIRECTION('',(0.,-1.,0.));
#3401=DIRECTION('',(1.,0.,0.));
#3402=DIRECTION('center_axis',(-1.,0.,2.28455341550163E-14));
#3403=DIRECTION('ref_axis',(-2.28455341550163E-14,0.,-1.));
#3404=DIRECTION('center_axis',(-1.,0.,2.28388736494318E-14));
#3405=DIRECTION('ref_axis',(-2.28455341550163E-14,0.,-1.));
#3406=DIRECTION('',(1.,0.,-2.28455341550163E-14));
#3407=DIRECTION('center_axis',(-1.,0.,2.28388736494318E-14));
#3408=DIRECTION('ref_axis',(-2.28455341550163E-14,0.,-1.));
#3409=DIRECTION('center_axis',(1.,0.,-2.28388736494318E-14));
#3410=DIRECTION('ref_axis',(-2.28388736494318E-14,0.,-1.));
#3411=DIRECTION('center_axis',(-1.14227670775082E-14,0.866025403784438,
-0.500000000000002));
#3412=DIRECTION('ref_axis',(-1.97790447742309E-14,-0.500000000000002,-0.866025403784438));
#3413=DIRECTION('',(-4.01075074588572E-14,-0.500000000000002,-0.866025403784438));
#3414=DIRECTION('',(-1.,0.,2.28455341550163E-14));
#3415=DIRECTION('',(1.97848129412692E-14,0.500000000000002,0.866025403784438));
#3416=DIRECTION('',(1.,0.,-2.28455341550163E-14));
#3417=DIRECTION('center_axis',(1.14227670775082E-14,0.866025403784437,0.500000000000003));
#3418=DIRECTION('ref_axis',(-1.97790447742309E-14,0.500000000000002,-0.866025403784437));
#3419=DIRECTION('',(-4.01075074588571E-14,0.500000000000002,-0.866025403784437));
#3420=DIRECTION('',(1.97848129412692E-14,-0.500000000000002,0.866025403784437));
#3421=DIRECTION('',(1.,0.,-2.28455341550163E-14));
#3422=DIRECTION('center_axis',(2.28455341550163E-14,0.,1.));
#3423=DIRECTION('ref_axis',(0.,1.,0.));
#3424=DIRECTION('',(0.,1.,0.));
#3425=DIRECTION('',(0.,-1.,0.));
#3426=DIRECTION('',(1.,0.,-2.28455341550163E-14));
#3427=DIRECTION('center_axis',(1.14227670775082E-14,-0.866025403784438,
0.500000000000001));
#3428=DIRECTION('ref_axis',(1.97790447742309E-14,0.500000000000001,0.866025403784438));
#3429=DIRECTION('',(4.01075074588572E-14,0.500000000000001,0.866025403784438));
#3430=DIRECTION('',(-1.97848129412692E-14,-0.500000000000001,-0.866025403784438));
#3431=DIRECTION('',(1.,0.,-2.28455341550163E-14));
#3432=DIRECTION('center_axis',(-1.14227670775081E-14,-0.86602540378444,
-0.499999999999997));
#3433=DIRECTION('ref_axis',(1.9779044774231E-14,-0.499999999999997,0.86602540378444));
#3434=DIRECTION('',(4.01075074588573E-14,-0.499999999999997,0.86602540378444));
#3435=DIRECTION('',(-1.97848129412692E-14,0.499999999999997,-0.86602540378444));
#3436=DIRECTION('',(1.,0.,-2.28455341550163E-14));
#3437=DIRECTION('center_axis',(-2.28455341550163E-14,0.,-1.));
#3438=DIRECTION('ref_axis',(0.,-1.,0.));
#3439=DIRECTION('',(0.,-1.,0.));
#3440=DIRECTION('',(0.,1.,0.));
#3441=DIRECTION('center_axis',(-1.,0.,2.28455341550163E-14));
#3442=DIRECTION('ref_axis',(2.28455341550163E-14,0.,1.));
#3443=DIRECTION('center_axis',(-2.28691417351544E-14,0.,-1.));
#3444=DIRECTION('ref_axis',(-1.,0.,2.28691417351544E-14));
#3445=DIRECTION('',(0.,-1.,0.));
#3446=DIRECTION('',(1.,0.,-2.28691417351544E-14));
#3447=DIRECTION('',(0.,-1.,0.));
#3448=DIRECTION('center_axis',(1.,0.,-4.63121604557922E-14));
#3449=DIRECTION('ref_axis',(-4.63121604557922E-14,0.,-1.));
#3450=DIRECTION('',(4.63121604557922E-14,0.,1.));
#3451=DIRECTION('center_axis',(1.,0.,-2.28388736494318E-14));
#3452=DIRECTION('ref_axis',(-2.28388736494318E-14,0.,-1.));
#3453=DIRECTION('',(2.28388736494318E-14,0.,1.));
#3454=DIRECTION('center_axis',(0.,1.,0.));
#3455=DIRECTION('ref_axis',(1.,0.,0.));
#3456=DIRECTION('center_axis',(0.,1.,0.));
#3457=DIRECTION('ref_axis',(1.,0.,0.));
#3458=DIRECTION('center_axis',(0.,1.,0.));
#3459=DIRECTION('ref_axis',(-1.,0.,0.));
#3460=DIRECTION('center_axis',(0.,-1.,0.));
#3461=DIRECTION('ref_axis',(-1.,0.,0.));
#3462=DIRECTION('center_axis',(0.,1.,0.));
#3463=DIRECTION('ref_axis',(0.,0.,1.));
#3464=CARTESIAN_POINT('',(0.,0.,0.));
#3465=CARTESIAN_POINT('Origin',(61.,18.,0.));
#3466=CARTESIAN_POINT('',(61.,14.65,-4.10256677714364E-16));
#3467=CARTESIAN_POINT('Origin',(61.,18.,0.));
#3468=CARTESIAN_POINT('',(37.,14.65,-4.10256677714364E-16));
#3469=CARTESIAN_POINT('',(61.,14.65,4.10256677714364E-16));
#3470=CARTESIAN_POINT('Origin',(37.,18.,0.));
#3471=CARTESIAN_POINT('Ctrl Pts',(59.6578615218104,34.7531389102425,12.));
#3472=CARTESIAN_POINT('Ctrl Pts',(60.,34.4542833646444,12.));
#3473=CARTESIAN_POINT('Ctrl Pts',(60.,34.,12.));
#3474=CARTESIAN_POINT('Ctrl Pts',(60.3157230436208,35.506277820485,12.));
#3475=CARTESIAN_POINT('Ctrl Pts',(61.,34.9085667292888,12.));
#3476=CARTESIAN_POINT('Ctrl Pts',(61.,34.,12.));
#3477=CARTESIAN_POINT('Ctrl Pts',(60.3157230436208,35.506277820485,11.));
#3478=CARTESIAN_POINT('Ctrl Pts',(61.,34.9085667292888,11.));
#3479=CARTESIAN_POINT('Ctrl Pts',(61.,34.,11.));
#3480=CARTESIAN_POINT('',(60.3157230436208,35.506277820485,11.));
#3481=CARTESIAN_POINT('',(59.657861521812,34.7531389102443,12.));
#3482=CARTESIAN_POINT('Origin',(59.6578615218104,34.7531389102425,11.));
#3483=CARTESIAN_POINT('',(60.,34.,12.));
#3484=CARTESIAN_POINT('Origin',(59.,34.,12.));
#3485=CARTESIAN_POINT('',(61.,34.,11.));
#3486=CARTESIAN_POINT('Origin',(60.,34.,11.));
#3487=CARTESIAN_POINT('Origin',(59.,34.,11.));
#3488=CARTESIAN_POINT('Origin',(60.,36.,11.));
#3489=CARTESIAN_POINT('',(60.,-4.44089209850063E-15,12.));
#3490=CARTESIAN_POINT('',(61.,-4.44089209850063E-15,11.));
#3491=CARTESIAN_POINT('Origin',(60.,0.,11.));
#3492=CARTESIAN_POINT('',(61.,36.,11.));
#3493=CARTESIAN_POINT('',(60.,36.,12.));
#3494=CARTESIAN_POINT('Ctrl Pts',(59.,35.0000000000023,12.));
#3495=CARTESIAN_POINT('Ctrl Pts',(59.3752478015116,35.0000000000023,12.));
#3496=CARTESIAN_POINT('Ctrl Pts',(59.6578615218126,34.7531389102437,12.));
#3497=CARTESIAN_POINT('Ctrl Pts',(59.,36.,11.9999999999977));
#3498=CARTESIAN_POINT('Ctrl Pts',(59.7504956030214,36.,11.9999999999977));
#3499=CARTESIAN_POINT('Ctrl Pts',(60.3157230436222,35.5062778204838,11.9999999999977));
#3500=CARTESIAN_POINT('Ctrl Pts',(59.,36.,11.));
#3501=CARTESIAN_POINT('Ctrl Pts',(59.7504956030214,36.,11.));
#3502=CARTESIAN_POINT('Ctrl Pts',(60.3157230436222,35.5062778204838,11.));
#3503=CARTESIAN_POINT('',(59.,35.6260410625481,11.7797900922708));
#3504=CARTESIAN_POINT('Ctrl Pts',(59.6578615218139,34.7531389102451,12.));
#3505=CARTESIAN_POINT('Ctrl Pts',(59.579856097444,34.9412697950215,11.9999999999996));
#3506=CARTESIAN_POINT('Ctrl Pts',(59.4742426626542,35.1201480361059,11.9873859614719));
#3507=CARTESIAN_POINT('Ctrl Pts',(59.2317337779481,35.4236136627503,11.907579991909));
#3508=CARTESIAN_POINT('Ctrl Pts',(59.1129413173208,35.5366637998063,11.8515450903005));
#3509=CARTESIAN_POINT('Ctrl Pts',(59.,35.6260410625481,11.7797900922708));
#3510=CARTESIAN_POINT('',(59.,36.,11.));
#3511=CARTESIAN_POINT('Origin',(59.,34.,11.));
#3512=CARTESIAN_POINT('Origin',(59.,35.,11.));
#3513=CARTESIAN_POINT('Origin',(47.3375,35.,11.));
#3514=CARTESIAN_POINT('',(57.9655069847578,36.,11.));
#3515=CARTESIAN_POINT('Ctrl Pts',(59.,35.6260410625481,11.7797900922708));
#3516=CARTESIAN_POINT('Ctrl Pts',(58.9130831263658,35.6948236164955,11.7245692019506));
#3517=CARTESIAN_POINT('Ctrl Pts',(58.8228074685685,35.7540587205411,11.6620639685819));
#3518=CARTESIAN_POINT('Ctrl Pts',(58.6097673960729,35.868562722661,11.5074524014845));
#3519=CARTESIAN_POINT('Ctrl Pts',(58.4853586401133,35.9170715001545,11.4120054574901));
#3520=CARTESIAN_POINT('Ctrl Pts',(58.2313108656106,35.9828219987165,11.2128221832684));
#3521=CARTESIAN_POINT('Ctrl Pts',(58.1011038773075,35.9995253953368,11.1085081189696));
#3522=CARTESIAN_POINT('Ctrl Pts',(57.9692274710558,35.9999966762175,11.002977166054));
#3523=CARTESIAN_POINT('Ctrl Pts',(57.9673672337489,36.,11.0014885748154));
#3524=CARTESIAN_POINT('Ctrl Pts',(57.9655069847578,36.,11.));
#3525=CARTESIAN_POINT('',(47.3375,36.,11.));
#3526=CARTESIAN_POINT('Origin',(59.,34.,-6.));
#3527=CARTESIAN_POINT('',(61.,34.,-11.));
#3528=CARTESIAN_POINT('',(61.,34.,-6.));
#3529=CARTESIAN_POINT('',(60.3157230436208,35.506277820485,-11.));
#3530=CARTESIAN_POINT('Origin',(59.,34.,-11.));
#3531=CARTESIAN_POINT('',(59.,36.,-11.));
#3532=CARTESIAN_POINT('Origin',(59.,34.,-11.));
#3533=CARTESIAN_POINT('',(59.,36.,-6.));
#3534=CARTESIAN_POINT('Origin',(61.,36.,-12.));
#3535=CARTESIAN_POINT('',(61.,-4.44089209850063E-15,-11.));
#3536=CARTESIAN_POINT('',(61.,-4.44089209850063E-15,12.));
#3537=CARTESIAN_POINT('',(61.,36.,-11.));
#3538=CARTESIAN_POINT('',(61.,22.615148774698,2.99721590395839));
#3539=CARTESIAN_POINT('',(61.,22.7899250229717,2.90114085737142));
#3540=CARTESIAN_POINT('',(61.,28.5537347501948,-0.267243253919663));
#3541=CARTESIAN_POINT('',(61.,22.7899270737097,2.90104314089765));
#3542=CARTESIAN_POINT('',(61.,22.9491262668983,-4.6847058545372));
#3543=CARTESIAN_POINT('',(61.,22.7934898776734,2.89908268754978));
#3544=CARTESIAN_POINT('',(61.,17.8849913967658,5.59739810798943));
#3545=CARTESIAN_POINT('',(61.,13.0961406607753,2.69968449325216));
#3546=CARTESIAN_POINT('',(61.,17.8872539686475,5.59876718080194));
#3547=CARTESIAN_POINT('',(61.,13.2112632619289,-2.89908268754978));
#3548=CARTESIAN_POINT('',(61.,13.0961406607753,2.69968449325216));
#3549=CARTESIAN_POINT('',(61.,18.1174991709548,-5.59876718080194));
#3550=CARTESIAN_POINT('',(61.,13.2112632619289,-2.89908268754978));
#3551=CARTESIAN_POINT('',(61.,13.2100749770283,-2.90114085737142));
#3552=CARTESIAN_POINT('',(61.,26.3350209951411,-10.1159644538083));
#3553=CARTESIAN_POINT('',(61.,13.0925758060736,2.69762632343053));
#3554=CARTESIAN_POINT('',(61.,13.3105266354776,-7.68760397887906));
#3555=CARTESIAN_POINT('',(61.,17.8825008290452,5.59876718080194));
#3556=CARTESIAN_POINT('',(61.,18.2158527379606,5.80067030834548));
#3557=CARTESIAN_POINT('',(61.,28.5537347501948,-0.267243253919663));
#3558=CARTESIAN_POINT('Origin',(33.675,0.,0.));
#3559=CARTESIAN_POINT('',(59.6591598614104,0.,12.));
#3560=CARTESIAN_POINT('',(59.8080262172227,-4.44089209850063E-15,12.));
#3561=CARTESIAN_POINT('',(59.6591598614116,1.48660597720784E-12,-12.));
#3562=CARTESIAN_POINT('Origin',(0.,0.,0.));
#3563=CARTESIAN_POINT('',(60.,-4.44089209850063E-15,-12.));
#3564=CARTESIAN_POINT('',(61.,-4.44089209850063E-15,-12.));
#3565=CARTESIAN_POINT('Origin',(60.,0.,-11.));
#3566=CARTESIAN_POINT('Ctrl Pts',(60.,34.,-12.));
#3567=CARTESIAN_POINT('Ctrl Pts',(60.,34.4542833646444,-12.));
#3568=CARTESIAN_POINT('Ctrl Pts',(59.6578615218104,34.7531389102425,-12.));
#3569=CARTESIAN_POINT('Ctrl Pts',(61.,34.,-12.));
#3570=CARTESIAN_POINT('Ctrl Pts',(61.,34.9085667292888,-12.));
#3571=CARTESIAN_POINT('Ctrl Pts',(60.3157230436208,35.506277820485,-12.));
#3572=CARTESIAN_POINT('Ctrl Pts',(61.,34.,-11.));
#3573=CARTESIAN_POINT('Ctrl Pts',(61.,34.9085667292888,-11.));
#3574=CARTESIAN_POINT('Ctrl Pts',(60.3157230436208,35.506277820485,-11.));
#3575=CARTESIAN_POINT('',(60.,34.,-12.));
#3576=CARTESIAN_POINT('Origin',(60.,34.,-11.));
#3577=CARTESIAN_POINT('',(59.657861521812,34.7531389102443,-12.));
#3578=CARTESIAN_POINT('Origin',(59.,34.,-12.));
#3579=CARTESIAN_POINT('Origin',(59.6578615218104,34.7531389102425,-11.));
#3580=CARTESIAN_POINT('Origin',(60.,36.,-11.));
#3581=CARTESIAN_POINT('',(60.,36.,-12.));
#3582=CARTESIAN_POINT('Ctrl Pts',(59.6578615218137,34.7531389102427,-12.));
#3583=CARTESIAN_POINT('Ctrl Pts',(59.3752478015124,35.0000000000023,-12.));
#3584=CARTESIAN_POINT('Ctrl Pts',(59.,35.0000000000023,-12.));
#3585=CARTESIAN_POINT('Ctrl Pts',(60.3157230436244,35.5062778204819,-11.9999999999977));
#3586=CARTESIAN_POINT('Ctrl Pts',(59.750495603023,36.,-11.9999999999977));
#3587=CARTESIAN_POINT('Ctrl Pts',(59.,36.,-11.9999999999977));
#3588=CARTESIAN_POINT('Ctrl Pts',(60.3157230436244,35.5062778204819,-11.));
#3589=CARTESIAN_POINT('Ctrl Pts',(59.750495603023,36.,-11.));
#3590=CARTESIAN_POINT('Ctrl Pts',(59.,36.,-11.));
#3591=CARTESIAN_POINT('',(59.,35.6260410625481,-11.7797900922708));
#3592=CARTESIAN_POINT('Ctrl Pts',(59.,35.6260410625481,-11.7797900922708));
#3593=CARTESIAN_POINT('Ctrl Pts',(59.0553221609897,35.5822613065163,-11.8149379163531));
#3594=CARTESIAN_POINT('Ctrl Pts',(59.1123162497028,35.5325918665652,-11.846494008024));
#3595=CARTESIAN_POINT('Ctrl Pts',(59.3001465877961,35.3480814891234,-11.936493949968));
#3596=CARTESIAN_POINT('Ctrl Pts',(59.4183004598329,35.1992169272279,-11.9714620207753));
#3597=CARTESIAN_POINT('Ctrl Pts',(59.5714644344785,34.9420304295455,-11.9968502735677));
#3598=CARTESIAN_POINT('Ctrl Pts',(59.6183941212504,34.8483250725899,-11.9999999999998));
#3599=CARTESIAN_POINT('Ctrl Pts',(59.6578615218145,34.7531389102436,-12.));
#3600=CARTESIAN_POINT('Origin',(59.,35.,-11.));
#3601=CARTESIAN_POINT('Origin',(46.7415131086114,35.,-11.));
#3602=CARTESIAN_POINT('',(57.9655069847578,36.,-11.));
#3603=CARTESIAN_POINT('Ctrl Pts',(57.9655069847578,36.,-11.));
#3604=CARTESIAN_POINT('Ctrl Pts',(57.9673672337489,36.,-11.0014885748154));
#3605=CARTESIAN_POINT('Ctrl Pts',(57.9692274710558,35.9999966762175,-11.002977166054));
#3606=CARTESIAN_POINT('Ctrl Pts',(58.101103877307,35.9995253953368,-11.1085081189687));
#3607=CARTESIAN_POINT('Ctrl Pts',(58.2313108656107,35.9828219987165,-11.2128221832684));
#3608=CARTESIAN_POINT('Ctrl Pts',(58.4853586401137,35.9170715001544,-11.4120054574904));
#3609=CARTESIAN_POINT('Ctrl Pts',(58.6097673960735,35.8685627226608,-11.5074524014849));
#3610=CARTESIAN_POINT('Ctrl Pts',(58.8228074685689,35.7540587205409,-11.6620639685822));
#3611=CARTESIAN_POINT('Ctrl Pts',(58.9130831263659,35.6948236164954,-11.7245692019507));
#3612=CARTESIAN_POINT('Ctrl Pts',(59.,35.6260410625481,-11.7797900922707));
#3613=CARTESIAN_POINT('',(46.7415131086114,36.,-11.));
#3614=CARTESIAN_POINT('Origin',(59.8080262172227,36.,-12.));
#3615=CARTESIAN_POINT('',(59.8080262172227,0.75,-12.));
#3616=CARTESIAN_POINT('Ctrl Pts',(59.6591598614111,1.70117392395142E-12,
-12.));
#3617=CARTESIAN_POINT('Ctrl Pts',(59.7518082767583,0.224535872236987,-12.));
#3618=CARTESIAN_POINT('Ctrl Pts',(59.8080262172227,0.508325424930717,-12.));
#3619=CARTESIAN_POINT('Ctrl Pts',(59.8080262172227,0.750000000000002,-12.));
#3620=CARTESIAN_POINT('',(59.8080262172227,34.,-12.));
#3621=CARTESIAN_POINT('',(59.8080262172227,0.,-12.));
#3622=CARTESIAN_POINT('Ctrl Pts',(59.8080262172227,34.,-12.));
#3623=CARTESIAN_POINT('Ctrl Pts',(59.8080262172227,34.2428020269221,-12.));
#3624=CARTESIAN_POINT('Ctrl Pts',(59.7511818916322,34.5280719500512,-12.));
#3625=CARTESIAN_POINT('Ctrl Pts',(59.6578615218139,34.7531389102451,-12.));
#3626=CARTESIAN_POINT('Origin',(6.24474576706095,34.,58.6685874238061));
#3627=CARTESIAN_POINT('',(6.24474576706095,36.,58.6685874238061));
#3628=CARTESIAN_POINT('',(6.24474576706095,34.,60.6685874238061));
#3629=CARTESIAN_POINT('Origin',(6.24474576706095,34.,58.6685874238061));
#3630=CARTESIAN_POINT('',(6.45643206424946,34.,60.6573530991893));
#3631=CARTESIAN_POINT('Origin',(6.24474576706095,34.,58.6685874238061));
#3632=CARTESIAN_POINT('Origin',(6.24474576706095,34.,58.6685874238061));
#3633=CARTESIAN_POINT('Origin',(6.24474576706086,0.,58.6685874238061));
#3634=CARTESIAN_POINT('',(6.24474576706086,0.75,60.6685874238061));
#3635=CARTESIAN_POINT('',(6.45643206424936,0.75,60.6573530991893));
#3636=CARTESIAN_POINT('Origin',(6.24474576706086,0.75,58.6685874238061));
#3637=CARTESIAN_POINT('',(6.45643206424936,0.,60.6573530991893));
#3638=CARTESIAN_POINT('',(6.24474576706086,0.,60.6685874238061));
#3639=CARTESIAN_POINT('Origin',(6.24474576706086,0.75,58.6685874238061));
#3640=CARTESIAN_POINT('',(6.24474576706086,-1.25,58.6685874238061));
#3641=CARTESIAN_POINT('Origin',(6.24474576706086,0.75,58.6685874238061));
#3642=CARTESIAN_POINT('Origin',(6.24474576706086,0.75,58.6685874238061));
#3643=CARTESIAN_POINT('Origin',(33.675,34.,58.6685874238061));
#3644=CARTESIAN_POINT('',(1.35,36.,58.6685874238061));
#3645=CARTESIAN_POINT('',(1.35,34.,60.6685874238061));
#3646=CARTESIAN_POINT('Origin',(1.35,34.,58.6685874238061));
#3647=CARTESIAN_POINT('',(33.675,34.,60.6685874238061));
#3648=CARTESIAN_POINT('',(33.675,36.,58.6685874238061));
#3649=CARTESIAN_POINT('Origin',(1.35,0.75,58.6685874238061));
#3650=CARTESIAN_POINT('',(1.35,0.75,60.6685874238061));
#3651=CARTESIAN_POINT('',(1.35,-1.25,58.6685874238061));
#3652=CARTESIAN_POINT('Origin',(1.35,0.75,58.6685874238061));
#3653=CARTESIAN_POINT('',(1.35,-1.25,58.6685874238061));
#3654=CARTESIAN_POINT('',(1.35,0.75,60.6685874238061));
#3655=CARTESIAN_POINT('Origin',(0.,34.,0.));
#3656=CARTESIAN_POINT('',(31.4789605289092,34.,52.250120038325));
#3657=CARTESIAN_POINT('Origin',(0.,34.,0.));
#3658=CARTESIAN_POINT('',(30.9180438600815,36.,50.2501200383251));
#3659=CARTESIAN_POINT('Ctrl Pts',(30.9180438600815,36.,50.250120038325));
#3660=CARTESIAN_POINT('Ctrl Pts',(30.9186440194894,36.,50.2522407251203));
#3661=CARTESIAN_POINT('Ctrl Pts',(30.9192441624516,35.9999966270156,50.2543614155414));
#3662=CARTESIAN_POINT('Ctrl Pts',(30.9599165656332,35.9995394280695,50.3980873158134));
#3663=CARTESIAN_POINT('Ctrl Pts',(30.9998226278965,35.984050707328,50.5393834527904));
#3664=CARTESIAN_POINT('Ctrl Pts',(31.0778321245902,35.9234473459848,50.816110499948));
#3665=CARTESIAN_POINT('Ctrl Pts',(31.1157780665665,35.8785592112732,50.9509805183233));
#3666=CARTESIAN_POINT('Ctrl Pts',(31.2180667195837,35.7124133848095,51.3151575285486));
#3667=CARTESIAN_POINT('Ctrl Pts',(31.2778219482822,35.5600516402848,51.528663689634));
#3668=CARTESIAN_POINT('Ctrl Pts',(31.3760172469275,35.1858129803362,51.880239657762));
#3669=CARTESIAN_POINT('Ctrl Pts',(31.4142607419731,34.9701533594674,52.0175537469497));
#3670=CARTESIAN_POINT('Ctrl Pts',(31.4657861250497,34.5000681357429,52.2026959126612));
#3671=CARTESIAN_POINT('Ctrl Pts',(31.4789605289092,34.251487975921,52.250120038325));
#3672=CARTESIAN_POINT('Ctrl Pts',(31.4789605289092,34.,52.250120038325));
#3673=CARTESIAN_POINT('Origin',(0.,36.,0.));
#3674=CARTESIAN_POINT('Origin',(0.,0.,0.));
#3675=CARTESIAN_POINT('',(31.4789605289092,0.75,52.250120038325));
#3676=CARTESIAN_POINT('Origin',(0.,0.75,0.));
#3677=CARTESIAN_POINT('',(31.4789605289092,0.,52.250120038325));
#3678=CARTESIAN_POINT('Origin',(0.,0.75,0.));
#3679=CARTESIAN_POINT('',(30.9180438600815,-1.25,50.2501200383251));
#3680=CARTESIAN_POINT('Origin',(0.,-1.25,0.));
#3681=CARTESIAN_POINT('Ctrl Pts',(30.9180438600815,-1.25,50.2501200383251));
#3682=CARTESIAN_POINT('Ctrl Pts',(30.9186440194943,-1.25,50.2522407251379));
#3683=CARTESIAN_POINT('Ctrl Pts',(30.9192441624609,-1.24999662701558,50.2543614155848));
#3684=CARTESIAN_POINT('Ctrl Pts',(30.9599165656703,-1.24953942806532,50.3980873157778));
#3685=CARTESIAN_POINT('Ctrl Pts',(30.9998226279094,-1.23405070732249,50.5393834528367));
#3686=CARTESIAN_POINT('Ctrl Pts',(31.0778321246091,-1.17344734596548,50.8161105000152));
#3687=CARTESIAN_POINT('Ctrl Pts',(31.1157780665865,-1.12855921124705,50.9509805183946));
#3688=CARTESIAN_POINT('Ctrl Pts',(31.2180667195996,-0.962413384771937,51.3151575286055));
#3689=CARTESIAN_POINT('Ctrl Pts',(31.2778219482934,-0.810051640249453,51.5286636896742));
#3690=CARTESIAN_POINT('Ctrl Pts',(31.3760172469319,-0.435812980312292,51.8802396577778));
#3691=CARTESIAN_POINT('Ctrl Pts',(31.4142607419751,-0.220153359451145,52.0175537469571));
#3692=CARTESIAN_POINT('Ctrl Pts',(31.46578612505,0.249931864262742,52.2026959126624));
#3693=CARTESIAN_POINT('Ctrl Pts',(31.4789605289092,0.498512024081874,52.250120038325));
#3694=CARTESIAN_POINT('Ctrl Pts',(31.4789605289092,0.750000000000001,52.250120038325));
#3695=CARTESIAN_POINT('Origin',(31.175,-1.25,0.));
#3696=CARTESIAN_POINT('',(1.35,-1.25,32.4719494333186));
#3697=CARTESIAN_POINT('',(1.35,-1.25,60.6685874238061));
#3698=CARTESIAN_POINT('',(1.35,-1.25,-32.4719494333186));
#3699=CARTESIAN_POINT('Origin',(0.,-1.25,0.));
#3700=CARTESIAN_POINT('',(1.35,-1.25,-58.6685874238061));
#3701=CARTESIAN_POINT('',(1.35,-1.25,-30.4701083030566));
#3702=CARTESIAN_POINT('',(6.24474576706084,-1.25,-58.6685874238061));
#3703=CARTESIAN_POINT('',(31.175,-1.25,-58.6685874238061));
#3704=CARTESIAN_POINT('',(30.9180438600799,-1.25,-50.2501200383261));
#3705=CARTESIAN_POINT('Origin',(0.,-1.25,0.));
#3706=CARTESIAN_POINT('',(45.5176632112056,-1.25,-50.2501200383264));
#3707=CARTESIAN_POINT('',(39.3463316056022,-1.25,-50.2501200383263));
#3708=CARTESIAN_POINT('',(45.5176632112062,-1.25,-37.538544667997));
#3709=CARTESIAN_POINT('',(45.5176632112071,-1.25,-19.1250600191635));
#3710=CARTESIAN_POINT('',(45.5176632112018,-1.25,37.5385446680023));
#3711=CARTESIAN_POINT('Origin',(0.,-1.25,0.));
#3712=CARTESIAN_POINT('',(45.5176632112079,-1.25,50.2501200383247));
#3713=CARTESIAN_POINT('',(45.5176632112073,-1.25,26.1250600191622));
#3714=CARTESIAN_POINT('',(31.3269802644552,-1.25,50.250120038325));
#3715=CARTESIAN_POINT('',(42.575,-1.25,-5.67254823944526E-13));
#3716=CARTESIAN_POINT('Origin',(45.75,-1.25,-5.66865998585797E-13));
#3717=CARTESIAN_POINT('',(22.5750000000013,-1.25,35.0000000000002));
#3718=CARTESIAN_POINT('Origin',(25.7500000000013,-1.25,35.0000000000002));
#3719=CARTESIAN_POINT('',(22.5749999999987,-1.25,-34.9999999999998));
#3720=CARTESIAN_POINT('Origin',(25.7499999999987,-1.25,-34.9999999999998));
#3721=CARTESIAN_POINT('',(7.57499999999824,-1.25,-46.9999999999993));
#3722=CARTESIAN_POINT('Origin',(10.7499999999982,-1.25,-46.9999999999993));
#3723=CARTESIAN_POINT('',(7.57500000000177,-1.25,47.0000000000007));
#3724=CARTESIAN_POINT('Origin',(10.7500000000018,-1.25,47.0000000000007));
#3725=CARTESIAN_POINT('Origin',(6.24474576706084,0.75,-58.6685874238061));
#3726=CARTESIAN_POINT('',(6.24474576706084,0.75,-60.6685874238061));
#3727=CARTESIAN_POINT('Origin',(6.24474576706084,0.75,-58.6685874238061));
#3728=CARTESIAN_POINT('',(6.45643206424934,0.75,-60.6573530991893));
#3729=CARTESIAN_POINT('Origin',(6.24474576706084,0.75,-58.6685874238061));
#3730=CARTESIAN_POINT('Origin',(6.24474576706084,0.75,-58.6685874238061));
#3731=CARTESIAN_POINT('Origin',(6.24474576706086,0.,-58.6685874238061));
#3732=CARTESIAN_POINT('',(6.24474576706086,34.,-60.6685874238061));
#3733=CARTESIAN_POINT('',(6.45643206424936,34.,-60.6573530991893));
#3734=CARTESIAN_POINT('Origin',(6.24474576706086,34.,-58.6685874238061));
#3735=CARTESIAN_POINT('',(6.45643206424936,0.,-60.6573530991893));
#3736=CARTESIAN_POINT('',(6.24474576706086,0.,-60.6685874238061));
#3737=CARTESIAN_POINT('Origin',(6.24474576706086,34.,-58.6685874238061));
#3738=CARTESIAN_POINT('',(6.24474576706086,36.,-58.6685874238061));
#3739=CARTESIAN_POINT('Origin',(6.24474576706086,34.,-58.6685874238061));
#3740=CARTESIAN_POINT('Origin',(6.24474576706086,34.,-58.6685874238061));
#3741=CARTESIAN_POINT('Origin',(31.175,0.75,-58.6685874238061));
#3742=CARTESIAN_POINT('',(1.35,0.75,-60.6685874238061));
#3743=CARTESIAN_POINT('Origin',(1.35,0.75,-58.6685874238061));
#3744=CARTESIAN_POINT('',(31.175,0.75,-60.6685874238061));
#3745=CARTESIAN_POINT('Origin',(6.35,34.,-58.6685874238061));
#3746=CARTESIAN_POINT('',(1.35,34.,-60.6685874238061));
#3747=CARTESIAN_POINT('',(1.35,36.,-58.6685874238061));
#3748=CARTESIAN_POINT('Origin',(1.35,34.,-58.6685874238061));
#3749=CARTESIAN_POINT('',(6.35,36.,-58.6685874238061));
#3750=CARTESIAN_POINT('',(6.35,34.,-60.6685874238061));
#3751=CARTESIAN_POINT('Origin',(6.35,0.,-60.6685874238061));
#3752=CARTESIAN_POINT('',(1.35,0.,-60.6685874238061));
#3753=CARTESIAN_POINT('Origin',(1.35,0.,-60.6685874238061));
#3754=CARTESIAN_POINT('',(1.35,0.75,-30.4701083030566));
#3755=CARTESIAN_POINT('Ctrl Pts',(1.35,0.750000000000001,-30.4701083030566));
#3756=CARTESIAN_POINT('Ctrl Pts',(1.35,0.503247314536282,-30.4701083030566));
#3757=CARTESIAN_POINT('Ctrl Pts',(1.35,0.212841809366939,-30.5279162694251));
#3758=CARTESIAN_POINT('Ctrl Pts',(1.35,-0.243173135022718,-30.7169126034499));
#3759=CARTESIAN_POINT('Ctrl Pts',(1.35,-0.489441222295854,-30.8815843291574));
#3760=CARTESIAN_POINT('Ctrl Pts',(1.35,-0.838573124139652,-31.2309196846458));
#3761=CARTESIAN_POINT('Ctrl Pts',(1.35,-1.00317462763147,-31.4774353418627));
#3762=CARTESIAN_POINT('Ctrl Pts',(1.35,-1.19218300362251,-31.9339877774415));
#3763=CARTESIAN_POINT('Ctrl Pts',(1.35,-1.25,-32.2248345903786));
#3764=CARTESIAN_POINT('Ctrl Pts',(1.35,-1.25,-32.4719494333186));
#3765=CARTESIAN_POINT('',(1.35,34.,-30.4701083030566));
#3766=CARTESIAN_POINT('',(1.35,0.,-30.4701083030566));
#3767=CARTESIAN_POINT('',(1.35,36.,-32.4719494333186));
#3768=CARTESIAN_POINT('Ctrl Pts',(1.35,36.,-32.4719494333186));
#3769=CARTESIAN_POINT('Ctrl Pts',(1.35,36.,-32.2248345903786));
#3770=CARTESIAN_POINT('Ctrl Pts',(1.35,35.9421830036225,-31.9339877774415));
#3771=CARTESIAN_POINT('Ctrl Pts',(1.35,35.7531746276315,-31.4774353418627));
#3772=CARTESIAN_POINT('Ctrl Pts',(1.35,35.5885731241396,-31.2309196846458));
#3773=CARTESIAN_POINT('Ctrl Pts',(1.35,35.2394412222959,-30.8815843291574));
#3774=CARTESIAN_POINT('Ctrl Pts',(1.35,34.9931731350227,-30.7169126034499));
#3775=CARTESIAN_POINT('Ctrl Pts',(1.35,34.5371581906331,-30.5279162694251));
#3776=CARTESIAN_POINT('Ctrl Pts',(1.35,34.2467526854637,-30.4701083030566));
#3777=CARTESIAN_POINT('Ctrl Pts',(1.35,34.,-30.4701083030566));
#3778=CARTESIAN_POINT('',(1.35,36.,60.6685874238061));
#3779=CARTESIAN_POINT('',(1.3500000000004,17.95,-43.0501200383255));
#3780=CARTESIAN_POINT('Origin',(1.35000000000035,17.95,-45.2501200383255));
#3781=CARTESIAN_POINT('Origin',(45.5176632112056,34.,-50.2501200383264));
#3782=CARTESIAN_POINT('',(47.5176632112056,34.,-50.2501200383265));
#3783=CARTESIAN_POINT('',(45.5176632112056,34.,-52.2501200383264));
#3784=CARTESIAN_POINT('Origin',(45.5176632112056,34.,-50.2501200383264));
#3785=CARTESIAN_POINT('',(45.5176632112056,36.,-50.2501200383264));
#3786=CARTESIAN_POINT('Origin',(45.5176632112057,34.,-50.2501200383264));
#3787=CARTESIAN_POINT('Origin',(45.5176632112056,34.,-50.2501200383264));
#3788=CARTESIAN_POINT('Origin',(45.5176632112056,0.,-50.2501200383264));
#3789=CARTESIAN_POINT('',(47.5176632112056,0.75,-50.2501200383265));
#3790=CARTESIAN_POINT('',(45.5176632112056,0.75,-52.2501200383264));
#3791=CARTESIAN_POINT('Origin',(45.5176632112056,0.75,-50.2501200383264));
#3792=CARTESIAN_POINT('',(45.5176632112056,0.,-52.2501200383264));
#3793=CARTESIAN_POINT('',(47.5176632112056,0.,-50.2501200383265));
#3794=CARTESIAN_POINT('Origin',(45.5176632112056,0.75,-50.2501200383264));
#3795=CARTESIAN_POINT('Origin',(45.5176632112056,0.75,-50.2501200383264));
#3796=CARTESIAN_POINT('Origin',(45.5176632112056,0.75,-50.2501200383264));
#3797=CARTESIAN_POINT('Origin',(47.5176632112062,0.,-38.2501200383264));
#3798=CARTESIAN_POINT('',(47.5176632112062,34.,-38.2501200383264));
#3799=CARTESIAN_POINT('',(47.5176632112071,34.,-19.1250600191635));
#3800=CARTESIAN_POINT('',(47.5176632112062,0.75,-38.2501200383264));
#3801=CARTESIAN_POINT('',(47.5176632112062,0.,-38.2501200383264));
#3802=CARTESIAN_POINT('',(47.5176632112071,0.75,-19.1250600191636));
#3803=CARTESIAN_POINT('',(47.5176632112057,22.15,-45.2501200383265));
#3804=CARTESIAN_POINT('',(47.5176632112056,20.075,-48.844125464032));
#3805=CARTESIAN_POINT('',(47.5176632112058,20.8967944566228,-47.4207357117829));
#3806=CARTESIAN_POINT('',(47.5176632112056,15.925,-48.844125464032));
#3807=CARTESIAN_POINT('',(47.5176632112057,10.0375,-48.844125464032));
#3808=CARTESIAN_POINT('',(47.5176632112057,13.85,-45.2501200383265));
#3809=CARTESIAN_POINT('',(47.517663211206,11.6407055433772,-41.4235097905756));
#3810=CARTESIAN_POINT('',(47.5176632112058,15.925,-41.6561146126211));
#3811=CARTESIAN_POINT('',(47.5176632112059,13.6342944566228,-45.6237329989301));
#3812=CARTESIAN_POINT('',(47.5176632112058,20.075,-41.6561146126211));
#3813=CARTESIAN_POINT('',(47.517663211206,7.96250000000001,-41.6561146126211));
#3814=CARTESIAN_POINT('',(47.5176632112063,16.8282055433772,-36.0325016520175));
#3815=CARTESIAN_POINT('Origin',(45.5176632112071,34.,-19.1250600191634));
#3816=CARTESIAN_POINT('',(45.5176632112062,36.,-37.538544667997));
#3817=CARTESIAN_POINT('',(45.5176632112071,36.,-19.1250600191634));
#3818=CARTESIAN_POINT('Ctrl Pts',(45.5176632112062,36.,-37.538544667997));
#3819=CARTESIAN_POINT('Ctrl Pts',(45.5197779767406,36.,-37.5393042067968));
#3820=CARTESIAN_POINT('Ctrl Pts',(45.5218927488919,35.999996645825,-37.5400637249192));
#3821=CARTESIAN_POINT('Ctrl Pts',(45.6704551042501,35.99952538075,-37.5934181145777));
#3822=CARTESIAN_POINT('Ctrl Pts',(45.8166458574924,35.9829762339183,-37.6458089473653));
#3823=CARTESIAN_POINT('Ctrl Pts',(46.1024146181141,35.9181793371102,-37.7480140344771));
#3824=CARTESIAN_POINT('Ctrl Pts',(46.2415071045203,35.8702247381054,-37.7976559800366));
#3825=CARTESIAN_POINT('Ctrl Pts',(46.6064772619046,35.6971598691811,-37.9276769154438));
#3826=CARTESIAN_POINT('Ctrl Pts',(46.8175031923721,35.5424211569116,-38.0025790506597));
#3827=CARTESIAN_POINT('Ctrl Pts',(47.1608542308463,35.1665993986558,-38.1241908569448));
#3828=CARTESIAN_POINT('Ctrl Pts',(47.293877620521,34.9531319273829,-38.1711723106783));
#3829=CARTESIAN_POINT('Ctrl Pts',(47.4721138762149,34.4898475697459,-38.2340740792686));
#3830=CARTESIAN_POINT('Ctrl Pts',(47.5176632112062,34.2464796267123,-38.2501200383264));
#3831=CARTESIAN_POINT('Ctrl Pts',(47.5176632112062,34.,-38.2501200383264));
#3832=CARTESIAN_POINT('Origin',(40.5963316056022,34.,-50.2501200383263));
#3833=CARTESIAN_POINT('',(31.4789605289081,34.,-52.2501200383257));
#3834=CARTESIAN_POINT('',(40.5963316056022,34.,-52.2501200383263));
#3835=CARTESIAN_POINT('',(30.9180438600799,36.,-50.2501200383261));
#3836=CARTESIAN_POINT('Ctrl Pts',(30.9180438600799,36.,-50.2501200383261));
#3837=CARTESIAN_POINT('Ctrl Pts',(30.9186440194866,36.,-50.2522407251174));
#3838=CARTESIAN_POINT('Ctrl Pts',(30.9192441624475,35.9999966270156,-50.2543614155467));
#3839=CARTESIAN_POINT('Ctrl Pts',(30.9599165656537,35.9995394280699,-50.398087315688));
#3840=CARTESIAN_POINT('Ctrl Pts',(30.9998226278887,35.9840507073326,-50.53938345277));
#3841=CARTESIAN_POINT('Ctrl Pts',(31.0778321245884,35.9234473459849,-50.8161104999486));
#3842=CARTESIAN_POINT('Ctrl Pts',(31.1157780665648,35.8785592112733,-50.9509805183241));
#3843=CARTESIAN_POINT('Ctrl Pts',(31.218066719582,35.7124133848095,-51.3151575285496));
#3844=CARTESIAN_POINT('Ctrl Pts',(31.2778219482805,35.5600516402848,-51.528663689635));
#3845=CARTESIAN_POINT('Ctrl Pts',(31.3760172469258,35.1858129803361,-51.8802396577631));
#3846=CARTESIAN_POINT('Ctrl Pts',(31.4142607419714,34.9701533594674,-52.0175537469508));
#3847=CARTESIAN_POINT('Ctrl Pts',(31.465786125048,34.5000681357425,-52.2026959126623));
#3848=CARTESIAN_POINT('Ctrl Pts',(31.4789605289075,34.2514879759208,-52.2501200383261));
#3849=CARTESIAN_POINT('Ctrl Pts',(31.4789605289075,34.,-52.2501200383261));
#3850=CARTESIAN_POINT('',(40.5963316056022,36.,-50.2501200383263));
#3851=CARTESIAN_POINT('Origin',(45.5176632112079,34.,50.2501200383247));
#3852=CARTESIAN_POINT('',(45.5176632112079,34.,52.2501200383247));
#3853=CARTESIAN_POINT('',(47.5176632112079,34.,50.2501200383247));
#3854=CARTESIAN_POINT('Origin',(45.5176632112079,34.,50.2501200383247));
#3855=CARTESIAN_POINT('',(45.5176632112079,36.,50.2501200383247));
#3856=CARTESIAN_POINT('Origin',(45.5176632112079,34.,50.2501200383247));
#3857=CARTESIAN_POINT('Origin',(45.5176632112079,34.,50.2501200383247));
#3858=CARTESIAN_POINT('Origin',(45.5176632112079,0.,50.2501200383247));
#3859=CARTESIAN_POINT('',(45.5176632112079,0.75,52.2501200383247));
#3860=CARTESIAN_POINT('',(47.5176632112079,0.75,50.2501200383247));
#3861=CARTESIAN_POINT('Origin',(45.5176632112079,0.75,50.2501200383247));
#3862=CARTESIAN_POINT('',(47.5176632112079,0.,50.2501200383247));
#3863=CARTESIAN_POINT('',(45.5176632112079,0.,52.2501200383247));
#3864=CARTESIAN_POINT('Origin',(45.5176632112079,0.75,50.2501200383247));
#3865=CARTESIAN_POINT('Origin',(45.5176632112079,0.75,50.2501200383247));
#3866=CARTESIAN_POINT('Origin',(45.5176632112079,0.75,50.2501200383247));
#3867=CARTESIAN_POINT('Origin',(31.4789605289092,0.,52.250120038325));
#3868=CARTESIAN_POINT('',(32.5769802644552,34.,52.250120038325));
#3869=CARTESIAN_POINT('',(31.3269802644552,0.75,52.250120038325));
#3870=CARTESIAN_POINT('Origin',(32.5769802644552,34.,50.250120038325));
#3871=CARTESIAN_POINT('',(32.5769802644552,36.,50.250120038325));
#3872=CARTESIAN_POINT('Origin',(45.5176632112073,34.,26.1250600191622));
#3873=CARTESIAN_POINT('',(47.5176632112076,34.,38.2501200383247));
#3874=CARTESIAN_POINT('',(47.5176632112073,34.,26.1250600191622));
#3875=CARTESIAN_POINT('',(45.5176632112076,36.,37.5385446679953));
#3876=CARTESIAN_POINT('Ctrl Pts',(45.5176632111934,36.,37.5385446679953));
#3877=CARTESIAN_POINT('Ctrl Pts',(45.5197779767261,36.,37.5393042067945));
#3878=CARTESIAN_POINT('Ctrl Pts',(45.5218927488935,35.999996645825,37.5400637249176));
#3879=CARTESIAN_POINT('Ctrl Pts',(45.6704551042491,35.9995253807501,37.5934181145757));
#3880=CARTESIAN_POINT('Ctrl Pts',(45.8166458574926,35.9829762339185,37.6458089473632));
#3881=CARTESIAN_POINT('Ctrl Pts',(46.102414618115,35.9181793371103,37.7480140344753));
#3882=CARTESIAN_POINT('Ctrl Pts',(46.2415071045215,35.8702247381055,37.7976559800348));
#3883=CARTESIAN_POINT('Ctrl Pts',(46.606477261906,35.6971598691811,37.9276769154421));
#3884=CARTESIAN_POINT('Ctrl Pts',(46.8175031923735,35.5424211569116,38.0025790506579));
#3885=CARTESIAN_POINT('Ctrl Pts',(47.1608542308477,35.1665993986558,38.124190856943));
#3886=CARTESIAN_POINT('Ctrl Pts',(47.2938776205224,34.9531319273829,38.1711723106766));
#3887=CARTESIAN_POINT('Ctrl Pts',(47.4721138762163,34.4898475697459,38.2340740792669));
#3888=CARTESIAN_POINT('Ctrl Pts',(47.5176632112076,34.2464796267123,38.2501200383247));
#3889=CARTESIAN_POINT('Ctrl Pts',(47.5176632112076,34.,38.2501200383247));
#3890=CARTESIAN_POINT('',(45.5176632112073,36.,26.1250600191622));
#3891=CARTESIAN_POINT('Origin',(61.,36.,12.));
#3892=CARTESIAN_POINT('',(59.8080262172227,34.,12.));
#3893=CARTESIAN_POINT('Ctrl Pts',(59.6578615218139,34.7531389102451,12.));
#3894=CARTESIAN_POINT('Ctrl Pts',(59.7511818916322,34.5280719500512,12.));
#3895=CARTESIAN_POINT('Ctrl Pts',(59.8080262172227,34.2428020269221,12.));
#3896=CARTESIAN_POINT('Ctrl Pts',(59.8080262172227,34.,12.));
#3897=CARTESIAN_POINT('',(59.8080262172227,0.75,12.));
#3898=CARTESIAN_POINT('',(59.8080262172227,0.,12.));
#3899=CARTESIAN_POINT('Ctrl Pts',(59.8080262172227,0.750000000000002,12.));
#3900=CARTESIAN_POINT('Ctrl Pts',(59.8080262172227,0.508325424930106,12.));
#3901=CARTESIAN_POINT('Ctrl Pts',(59.7518082767579,0.224535872235576,12.));
#3902=CARTESIAN_POINT('Ctrl Pts',(59.6591598614104,-2.98372437868011E-15,
12.));
#3903=CARTESIAN_POINT('Origin',(33.675,36.,0.));
#3904=CARTESIAN_POINT('Origin',(0.,36.,0.));
#3905=CARTESIAN_POINT('Origin',(0.,36.,0.));
#3906=CARTESIAN_POINT('',(1.35,36.,32.4719494333186));
#3907=CARTESIAN_POINT('Origin',(0.,36.,0.));
#3908=CARTESIAN_POINT('',(1.35,36.,60.6685874238061));
#3909=CARTESIAN_POINT('Origin',(0.,36.,0.));
#3910=CARTESIAN_POINT('Origin',(0.,34.,0.));
#3911=CARTESIAN_POINT('Origin',(0.,34.,0.));
#3912=CARTESIAN_POINT('Origin',(0.,34.,0.));
#3913=CARTESIAN_POINT('',(1.35,34.,30.4701083030566));
#3914=CARTESIAN_POINT('Ctrl Pts',(1.35,34.,30.4701083030566));
#3915=CARTESIAN_POINT('Ctrl Pts',(1.35,34.2467526854637,30.4701083030566));
#3916=CARTESIAN_POINT('Ctrl Pts',(1.35,34.5371581906331,30.5279162694251));
#3917=CARTESIAN_POINT('Ctrl Pts',(1.35,34.9931731350227,30.7169126034499));
#3918=CARTESIAN_POINT('Ctrl Pts',(1.35,35.2394412222959,30.8815843291574));
#3919=CARTESIAN_POINT('Ctrl Pts',(1.35,35.5885731241396,31.2309196846458));
#3920=CARTESIAN_POINT('Ctrl Pts',(1.35,35.7531746276315,31.4774353418627));
#3921=CARTESIAN_POINT('Ctrl Pts',(1.35,35.9421830036225,31.9339877774415));
#3922=CARTESIAN_POINT('Ctrl Pts',(1.35,36.,32.2248345903786));
#3923=CARTESIAN_POINT('Ctrl Pts',(1.35,36.,32.4719494333186));
#3924=CARTESIAN_POINT('Origin',(0.,34.,0.));
#3925=CARTESIAN_POINT('Origin',(0.,0.,0.));
#3926=CARTESIAN_POINT('',(1.35,0.75,30.4701083030566));
#3927=CARTESIAN_POINT('Origin',(0.,0.75,0.));
#3928=CARTESIAN_POINT('',(1.35,0.,30.4701083030566));
#3929=CARTESIAN_POINT('',(29.9817245343755,18.1174991709548,-5.59876718080194));
#3930=CARTESIAN_POINT('',(30.3804676102777,22.9074241939265,-2.69762632343053));
#3931=CARTESIAN_POINT('Origin',(0.,27.3613367974442,0.));
#3932=CARTESIAN_POINT('',(30.3617091370972,22.7899250229717,2.90114085737142));
#3933=CARTESIAN_POINT('Origin',(0.,22.8508101490282,0.));
#3934=CARTESIAN_POINT('',(29.9817245343755,17.8825008290452,5.59876718080194));
#3935=CARTESIAN_POINT('Origin',(0.,28.0675754928662,0.));
#3936=CARTESIAN_POINT('',(30.3804676102777,13.0925758060736,2.69762632343053));
#3937=CARTESIAN_POINT('Origin',(0.,8.63866320255575,0.));
#3938=CARTESIAN_POINT('',(30.3617091370972,13.2100749770283,-2.90114085737142));
#3939=CARTESIAN_POINT('Origin',(0.,13.1491898509718,0.));
#3940=CARTESIAN_POINT('Origin',(0.,7.93242450713377,0.));
#3941=CARTESIAN_POINT('Origin',(0.,34.,0.));
#3942=CARTESIAN_POINT('Origin',(0.,34.,0.));
#3943=CARTESIAN_POINT('Origin',(0.,34.,0.));
#3944=CARTESIAN_POINT('Origin',(0.,34.,0.));
#3945=CARTESIAN_POINT('Origin',(0.,0.,0.));
#3946=CARTESIAN_POINT('',(31.4789605289081,0.75,-52.2501200383257));
#3947=CARTESIAN_POINT('',(31.4789605289081,0.,-52.2501200383257));
#3948=CARTESIAN_POINT('Origin',(0.,0.75,0.));
#3949=CARTESIAN_POINT('Origin',(47.5176632112056,0.,-52.2501200383264));
#3950=CARTESIAN_POINT('',(39.3463316056022,0.75,-52.2501200383263));
#3951=CARTESIAN_POINT('Origin',(0.,0.,0.));
#3952=CARTESIAN_POINT('Origin',(0.,0.75,0.));
#3953=CARTESIAN_POINT('Origin',(31.3269802644552,0.75,50.250120038325));
#3954=CARTESIAN_POINT('Origin',(45.5176632112073,0.75,26.1250600191622));
#3955=CARTESIAN_POINT('',(47.5176632112076,0.75,38.2501200383247));
#3956=CARTESIAN_POINT('Ctrl Pts',(45.5176632112018,-1.25,37.5385446680023));
#3957=CARTESIAN_POINT('Ctrl Pts',(45.5197779767412,-1.25,37.5393042068039));
#3958=CARTESIAN_POINT('Ctrl Pts',(45.5218927489174,-1.24999664582499,37.540063724928));
#3959=CARTESIAN_POINT('Ctrl Pts',(45.6704551043804,-1.24952538074739,37.5934181145917));
#3960=CARTESIAN_POINT('Ctrl Pts',(45.8166458575628,-1.23297623390775,37.6458089473883));
#3961=CARTESIAN_POINT('Ctrl Pts',(46.1024146182002,-1.16817933708588,37.7480140345057));
#3962=CARTESIAN_POINT('Ctrl Pts',(46.2415071046238,-1.12022473806759,37.7976559800713));
#3963=CARTESIAN_POINT('Ctrl Pts',(46.6064772619947,-0.947159869120682,37.9276769154736));
#3964=CARTESIAN_POINT('Ctrl Pts',(46.8175031924353,-0.792421156855451,38.0025790506799));
#3965=CARTESIAN_POINT('Ctrl Pts',(47.1608542308715,-0.416599398618879,38.1241908569514));
#3966=CARTESIAN_POINT('Ctrl Pts',(47.2938776205335,-0.203131927357857,38.1711723106805));
#3967=CARTESIAN_POINT('Ctrl Pts',(47.4721138762176,0.260152430261071,38.2340740792674));
#3968=CARTESIAN_POINT('Ctrl Pts',(47.5176632112076,0.50352037329125,38.2501200383247));
#3969=CARTESIAN_POINT('Ctrl Pts',(47.5176632112076,0.75,38.2501200383247));
#3970=CARTESIAN_POINT('',(47.5176632112073,0.75,26.1250600191621));
#3971=CARTESIAN_POINT('Origin',(0.,0.75,0.));
#3972=CARTESIAN_POINT('Origin',(0.,0.75,0.));
#3973=CARTESIAN_POINT('Ctrl Pts',(45.5176632112062,-1.25,-37.538544667997));
#3974=CARTESIAN_POINT('Ctrl Pts',(45.5197779767528,-1.25,-37.5393042068011));
#3975=CARTESIAN_POINT('Ctrl Pts',(45.5218927489088,-1.24999664582501,-37.5400637249271));
#3976=CARTESIAN_POINT('Ctrl Pts',(45.6704551043729,-1.24952538074741,-37.5934181145916));
#3977=CARTESIAN_POINT('Ctrl Pts',(45.8166458575602,-1.23297623390802,-37.6458089473896));
#3978=CARTESIAN_POINT('Ctrl Pts',(46.1024146181988,-1.16817933708589,-37.7480140345074));
#3979=CARTESIAN_POINT('Ctrl Pts',(46.2415071046224,-1.1202247380676,-37.797655980073));
#3980=CARTESIAN_POINT('Ctrl Pts',(46.6064772619934,-0.947159869120683,-37.9276769154753));
#3981=CARTESIAN_POINT('Ctrl Pts',(46.8175031924339,-0.792421156855452,-38.0025790506816));
#3982=CARTESIAN_POINT('Ctrl Pts',(47.16085423087,-0.416599398618939,-38.1241908569532));
#3983=CARTESIAN_POINT('Ctrl Pts',(47.2938776205321,-0.2031319273579,-38.1711723106822));
#3984=CARTESIAN_POINT('Ctrl Pts',(47.4721138762162,0.260152430261121,-38.2340740792691));
#3985=CARTESIAN_POINT('Ctrl Pts',(47.5176632112062,0.503520373291279,-38.2501200383264));
#3986=CARTESIAN_POINT('Ctrl Pts',(47.5176632112062,0.75,-38.2501200383264));
#3987=CARTESIAN_POINT('Origin',(45.5176632112071,0.75,-19.1250600191635));
#3988=CARTESIAN_POINT('Origin',(39.3463316056022,0.75,-50.2501200383263));
#3989=CARTESIAN_POINT('Ctrl Pts',(30.9180438600798,-1.25,-50.2501200383261));
#3990=CARTESIAN_POINT('Ctrl Pts',(30.9186440194927,-1.25,-50.252240725139));
#3991=CARTESIAN_POINT('Ctrl Pts',(30.9192441624593,-1.24999662701558,-50.2543614155857));
#3992=CARTESIAN_POINT('Ctrl Pts',(30.9599165656681,-1.24953942806532,-50.3980873157805));
#3993=CARTESIAN_POINT('Ctrl Pts',(30.9998226279079,-1.23405070732244,-50.5393834528379));
#3994=CARTESIAN_POINT('Ctrl Pts',(31.0778321246074,-1.17344734596549,-50.8161105000161));
#3995=CARTESIAN_POINT('Ctrl Pts',(31.1157780665848,-1.12855921124706,-50.9509805183955));
#3996=CARTESIAN_POINT('Ctrl Pts',(31.2180667195979,-0.962413384771982,-51.3151575286065));
#3997=CARTESIAN_POINT('Ctrl Pts',(31.2778219482917,-0.810051640249507,-51.5286636896751));
#3998=CARTESIAN_POINT('Ctrl Pts',(31.3760172469302,-0.435812980312344,-51.8802396577788));
#3999=CARTESIAN_POINT('Ctrl Pts',(31.4142607419734,-0.2201533594512,-52.0175537469581));
#4000=CARTESIAN_POINT('Ctrl Pts',(31.4657861250482,0.249931864261882,-52.2026959126631));
#4001=CARTESIAN_POINT('Ctrl Pts',(31.4789605289075,0.498512024081393,-52.2501200383261));
#4002=CARTESIAN_POINT('Ctrl Pts',(31.4789605289075,0.75,-52.2501200383261));
#4003=CARTESIAN_POINT('Origin',(0.,0.75,0.));
#4004=CARTESIAN_POINT('Origin',(47.5176632112079,0.,52.2501200383247));
#4005=CARTESIAN_POINT('',(47.5176632112076,0.,38.2501200383247));
#4006=CARTESIAN_POINT('',(47.5176632112079,18.,49.8221200383247));
#4007=CARTESIAN_POINT('Origin',(47.5176632112078,18.,45.2501200383247));
#4008=CARTESIAN_POINT('Origin',(0.,0.,0.));
#4009=CARTESIAN_POINT('Origin',(0.,0.75,0.));
#4010=CARTESIAN_POINT('Ctrl Pts',(1.35,-1.25,32.4719494333186));
#4011=CARTESIAN_POINT('Ctrl Pts',(1.35,-1.25,32.2248345903786));
#4012=CARTESIAN_POINT('Ctrl Pts',(1.35,-1.19218300362251,31.9339877774415));
#4013=CARTESIAN_POINT('Ctrl Pts',(1.35,-1.00317462763147,31.4774353418627));
#4014=CARTESIAN_POINT('Ctrl Pts',(1.35,-0.838573124139652,31.2309196846458));
#4015=CARTESIAN_POINT('Ctrl Pts',(1.35,-0.489441222295854,30.8815843291574));
#4016=CARTESIAN_POINT('Ctrl Pts',(1.35,-0.243173135022718,30.7169126034499));
#4017=CARTESIAN_POINT('Ctrl Pts',(1.35,0.212841809366939,30.5279162694251));
#4018=CARTESIAN_POINT('Ctrl Pts',(1.35,0.503247314536282,30.4701083030566));
#4019=CARTESIAN_POINT('Ctrl Pts',(1.35,0.750000000000001,30.4701083030566));
#4020=CARTESIAN_POINT('Origin',(10.7500000000018,-0.25,47.0000000000007));
#4021=CARTESIAN_POINT('',(7.57500000000177,0.,47.0000000000007));
#4022=CARTESIAN_POINT('',(7.57500000000177,-0.25,47.0000000000007));
#4023=CARTESIAN_POINT('Origin',(10.7500000000018,0.,47.0000000000007));
#4024=CARTESIAN_POINT('Origin',(10.7499999999982,-0.25,-46.9999999999993));
#4025=CARTESIAN_POINT('',(7.57499999999824,0.,-46.9999999999993));
#4026=CARTESIAN_POINT('',(7.57499999999824,-0.25,-46.9999999999993));
#4027=CARTESIAN_POINT('Origin',(10.7499999999982,0.,-46.9999999999993));
#4028=CARTESIAN_POINT('Origin',(25.7499999999987,-0.25,-34.9999999999998));
#4029=CARTESIAN_POINT('',(22.5749999999987,0.,-34.9999999999998));
#4030=CARTESIAN_POINT('',(22.5749999999987,-0.25,-34.9999999999998));
#4031=CARTESIAN_POINT('Origin',(25.7499999999987,0.,-34.9999999999998));
#4032=CARTESIAN_POINT('Origin',(25.7500000000013,-0.25,35.0000000000002));
#4033=CARTESIAN_POINT('',(22.5750000000013,0.,35.0000000000002));
#4034=CARTESIAN_POINT('',(22.5750000000013,-0.25,35.0000000000002));
#4035=CARTESIAN_POINT('Origin',(25.7500000000013,0.,35.0000000000002));
#4036=CARTESIAN_POINT('Origin',(45.75,-0.25,-5.66865998585797E-13));
#4037=CARTESIAN_POINT('',(42.575,0.,-5.67254823944526E-13));
#4038=CARTESIAN_POINT('',(42.575,-0.25,-5.67254823944526E-13));
#4039=CARTESIAN_POINT('Origin',(45.75,0.,-5.66865998585797E-13));
#4040=CARTESIAN_POINT('Origin',(28.4676632112057,18.,-45.2501200383261));
#4041=CARTESIAN_POINT('',(28.4676632112056,20.075,-48.8441254640315));
#4042=CARTESIAN_POINT('',(28.4676632112056,15.925,-48.8441254640315));
#4043=CARTESIAN_POINT('',(28.4676632112056,15.925,-48.8441254640315));
#4044=CARTESIAN_POINT('',(28.4676632112057,22.15,-45.2501200383261));
#4045=CARTESIAN_POINT('',(28.4676632112056,20.075,-48.8441254640315));
#4046=CARTESIAN_POINT('',(28.4676632112058,20.075,-41.6561146126207));
#4047=CARTESIAN_POINT('',(28.4676632112057,22.15,-45.2501200383261));
#4048=CARTESIAN_POINT('',(28.4676632112058,15.925,-41.6561146126207));
#4049=CARTESIAN_POINT('',(28.4676632112058,20.075,-41.6561146126207));
#4050=CARTESIAN_POINT('',(28.4676632112057,13.85,-45.2501200383261));
#4051=CARTESIAN_POINT('',(28.4676632112058,15.925,-41.6561146126207));
#4052=CARTESIAN_POINT('',(28.4676632112057,13.85,-45.2501200383261));
#4053=CARTESIAN_POINT('',(28.4676632112058,17.95,-43.0501200383261));
#4054=CARTESIAN_POINT('Origin',(28.4676632112057,17.95,-45.2501200383261));
#4055=CARTESIAN_POINT('Origin',(47.5176632112056,20.075,-48.844125464032));
#4056=CARTESIAN_POINT('',(47.5176632112056,20.075,-48.844125464032));
#4057=CARTESIAN_POINT('',(47.5176632112056,15.925,-48.844125464032));
#4058=CARTESIAN_POINT('Origin',(47.5176632112056,15.925,-48.844125464032));
#4059=CARTESIAN_POINT('',(47.5176632112057,13.85,-45.2501200383265));
#4060=CARTESIAN_POINT('Origin',(47.5176632112057,13.85,-45.2501200383265));
#4061=CARTESIAN_POINT('',(47.5176632112058,15.925,-41.6561146126211));
#4062=CARTESIAN_POINT('Origin',(47.5176632112058,15.925,-41.6561146126211));
#4063=CARTESIAN_POINT('',(47.5176632112058,20.075,-41.6561146126211));
#4064=CARTESIAN_POINT('Origin',(47.5176632112058,20.075,-41.6561146126211));
#4065=CARTESIAN_POINT('',(47.5176632112057,22.15,-45.2501200383265));
#4066=CARTESIAN_POINT('Origin',(47.5176632112057,22.15,-45.2501200383265));
#4067=CARTESIAN_POINT('Origin',(28.4676632112078,18.,45.2501200383251));
#4068=CARTESIAN_POINT('',(28.4676632112079,18.,49.8221200383251));
#4069=CARTESIAN_POINT('Origin',(28.4676632112078,18.,45.2501200383251));
#4070=CARTESIAN_POINT('',(28.4676632112078,18.,47.4501200383251));
#4071=CARTESIAN_POINT('Origin',(28.4676632112078,18.,45.2501200383251));
#4072=CARTESIAN_POINT('Origin',(47.5176632112078,18.,45.2501200383247));
#4073=CARTESIAN_POINT('',(47.5176632112079,18.,49.8221200383247));
#4074=CARTESIAN_POINT('Origin',(1.35,0.,30.4701083030566));
#4075=CARTESIAN_POINT('',(1.35,0.,60.6685874238061));
#4076=CARTESIAN_POINT('',(1.35000000000039,18.,47.4501200383257));
#4077=CARTESIAN_POINT('Origin',(1.35000000000034,18.,45.2501200383257));
#4078=CARTESIAN_POINT('Origin',(1.35,0.,60.6685874238061));
#4079=CARTESIAN_POINT('Origin',(10.9676632112078,18.,45.2501200383255));
#4080=CARTESIAN_POINT('',(10.9676632112078,18.,47.4501200383255));
#4081=CARTESIAN_POINT('Origin',(10.9676632112057,17.95,-45.2501200383257));
#4082=CARTESIAN_POINT('',(10.9676632112058,17.95,-43.0501200383257));
#4083=CARTESIAN_POINT('Origin',(61.,22.7899250229717,2.90114085737142));
#4084=CARTESIAN_POINT('',(37.,22.7899270737097,2.90104314089765));
#4085=CARTESIAN_POINT('',(61.,22.7899270737097,2.90104314089765));
#4086=CARTESIAN_POINT('',(61.,22.7899250229717,2.90114085737142));
#4087=CARTESIAN_POINT('',(37.,22.9074241939265,-2.69762632343053));
#4088=CARTESIAN_POINT('',(61.,22.9074241939265,-2.69762632343053));
#4089=CARTESIAN_POINT('',(37.,22.8193003388458,1.50142413507213));
#4090=CARTESIAN_POINT('Origin',(61.,22.9074241939265,-2.69762632343053));
#4091=CARTESIAN_POINT('',(37.,18.1174991709548,-5.59876718080194));
#4092=CARTESIAN_POINT('',(37.,21.7108123027904,-3.42238498481713));
#4093=CARTESIAN_POINT('',(61.,18.1174991709548,-5.59876718080194));
#4094=CARTESIAN_POINT('Origin',(61.,18.1174991709548,-5.59876718080194));
#4095=CARTESIAN_POINT('',(61.,13.2100749770283,-2.90114085737142));
#4096=CARTESIAN_POINT('',(61.,18.1174991709548,-5.59876718080194));
#4097=CARTESIAN_POINT('Origin',(61.,13.2100749770283,-2.90114085737142));
#4098=CARTESIAN_POINT('',(61.,13.0925758060736,2.69762632343053));
#4099=CARTESIAN_POINT('Origin',(61.,13.0925758060736,2.69762632343053));
#4100=CARTESIAN_POINT('',(61.,17.8825008290452,5.59876718080194));
#4101=CARTESIAN_POINT('Origin',(61.,17.8825008290452,5.59876718080194));
#4102=CARTESIAN_POINT('',(37.,22.615148774698,2.99721590395839));
#4103=CARTESIAN_POINT('',(61.,22.6151487747006,2.99721590395699));
#4104=CARTESIAN_POINT('',(37.,17.8849913967658,5.59739810798943));
#4105=CARTESIAN_POINT('',(37.,19.1102694171354,4.92385897408687));
#4106=CARTESIAN_POINT('',(61.,17.8849913967658,5.59739810798943));
#4107=CARTESIAN_POINT('Origin',(37.,18.0023765698012,-5.55111512312578E-16));
#4108=CARTESIAN_POINT('',(37.,22.7934898776734,2.89908268754978));
#4109=CARTESIAN_POINT('',(37.,13.2112632619289,-2.89908268754978));
#4110=CARTESIAN_POINT('',(37.,13.2112632619289,-2.89908268754978));
#4111=CARTESIAN_POINT('',(37.,13.0961406607753,2.69968449325216));
#4112=CARTESIAN_POINT('',(37.,13.0961406607753,2.69968449325216));
#4113=CARTESIAN_POINT('',(37.,17.8872539686475,5.59876718080194));
#4114=CARTESIAN_POINT('Origin',(61.,18.1174991709548,-5.59876718080194));
#4115=CARTESIAN_POINT('',(61.,13.2112632619289,-2.89908268754978));
#4116=CARTESIAN_POINT('Origin',(61.,13.2112632619289,-2.89908268754978));
#4117=CARTESIAN_POINT('',(61.,13.0961406607753,2.69968449325216));
#4118=CARTESIAN_POINT('Origin',(61.,17.8872539686475,5.59876718080194));
#4119=CARTESIAN_POINT('Origin',(61.,13.0961406607753,2.69968449325216));
#4120=CARTESIAN_POINT('Origin',(31.175,0.,0.));
#4121=CARTESIAN_POINT('',(46.1176632112056,0.,-50.8501200383264));
#4122=CARTESIAN_POINT('',(31.0873815572787,0.,-50.8501200383261));
#4123=CARTESIAN_POINT('',(40.5963316056022,0.,-50.8501200383263));
#4124=CARTESIAN_POINT('',(6.27650737167233,0.,-59.2685874238061));
#4125=CARTESIAN_POINT('Origin',(0.,0.,0.));
#4126=CARTESIAN_POINT('',(2.75,0.,-59.2685874238061));
#4127=CARTESIAN_POINT('',(20.0125,0.,-59.2685874238061));
#4128=CARTESIAN_POINT('',(2.75,0.,-31.7812444690261));
#4129=CARTESIAN_POINT('',(2.75,0.,-30.334293711903));
#4130=CARTESIAN_POINT('',(2.75,0.,31.7812444690261));
#4131=CARTESIAN_POINT('Origin',(0.,0.,0.));
#4132=CARTESIAN_POINT('',(2.75,0.,59.2685874238061));
#4133=CARTESIAN_POINT('',(2.75,0.,15.2350541515283));
#4134=CARTESIAN_POINT('',(6.27650737167233,0.,59.2685874238061));
#4135=CARTESIAN_POINT('',(17.5125,0.,59.2685874238061));
#4136=CARTESIAN_POINT('',(31.0873815572803,0.,50.8501200383251));
#4137=CARTESIAN_POINT('Origin',(0.,0.,0.));
#4138=CARTESIAN_POINT('',(46.1176632112079,0.,50.8501200383247));
#4139=CARTESIAN_POINT('',(32.5769802644552,0.,50.850120038325));
#4140=CARTESIAN_POINT('',(46.1176632112076,0.,37.7534255391167));
#4141=CARTESIAN_POINT('',(46.1176632112073,0.,26.1250600191622));
#4142=CARTESIAN_POINT('',(57.1162084225597,0.,17.0264128761969));
#4143=CARTESIAN_POINT('Origin',(0.,0.,0.));
#4144=CARTESIAN_POINT('',(38.4,0.,17.0264128761969));
#4145=CARTESIAN_POINT('',(47.3375,0.,17.0264128761969));
#4146=CARTESIAN_POINT('',(38.4,-2.22044604925031E-15,13.8433791443533));
#4147=CARTESIAN_POINT('',(38.4,0.,-2.77555756156289E-16));
#4148=CARTESIAN_POINT('',(57.9699996020846,0.,13.8433791443533));
#4149=CARTESIAN_POINT('',(47.3375,-2.22044604925031E-15,13.8433791443533));
#4150=CARTESIAN_POINT('',(58.6498081838296,0.,10.6));
#4151=CARTESIAN_POINT('Origin',(0.,0.,0.));
#4152=CARTESIAN_POINT('',(59.6,0.,10.6));
#4153=CARTESIAN_POINT('',(47.3375,0.,10.6));
#4154=CARTESIAN_POINT('',(59.6,0.,-10.6));
#4155=CARTESIAN_POINT('',(59.6,0.,-6.));
#4156=CARTESIAN_POINT('',(58.6498081838296,0.,-10.6));
#4157=CARTESIAN_POINT('',(46.7415131086114,0.,-10.6));
#4158=CARTESIAN_POINT('',(46.1176632112062,0.,-37.7534255391184));
#4159=CARTESIAN_POINT('Origin',(0.,0.,0.));
#4160=CARTESIAN_POINT('',(46.1176632112071,0.,-19.1250600191635));
#4161=CARTESIAN_POINT('Origin',(38.4,18.0023765698012,-5.55111512312578E-16));
#4162=CARTESIAN_POINT('',(38.4,17.8485817400546,7.21499205028481));
#4163=CARTESIAN_POINT('',(38.4,19.784675997993,6.15071502256848));
#4164=CARTESIAN_POINT('',(38.4,15.0863956704198,5.54200326155659));
#4165=CARTESIAN_POINT('',(38.4,13.5656412120805,4.62091934647255));
#4166=CARTESIAN_POINT('',(38.4,18.4388858734584,3.69727626865502));
#4167=CARTESIAN_POINT('Origin',(38.4,18.0023765698012,-5.55111512312578E-16));
#4168=CARTESIAN_POINT('',(38.4,34.6,-13.0704056595573));
#4169=CARTESIAN_POINT('',(38.4,34.6,-16.2568285273491));
#4170=CARTESIAN_POINT('',(38.4,34.6,-2.77555756156289E-16));
#4171=CARTESIAN_POINT('',(38.4,18.1514182599449,-7.21499205028497));
#4172=CARTESIAN_POINT('',(38.4,16.2171490812241,-6.15171827428337));
#4173=CARTESIAN_POINT('',(38.4,20.9158669573,-5.54063284308628));
#4174=CARTESIAN_POINT('',(38.4,22.4360975171333,-4.61986624056005));
#4175=CARTESIAN_POINT('',(38.4,17.5658672661439,-3.69727626865502));
#4176=CARTESIAN_POINT('Origin',(0.,0.,0.));
#4177=CARTESIAN_POINT('',(31.0873815572803,20.0747973395008,50.8501200383251));
#4178=CARTESIAN_POINT('',(30.4705500242352,18.,51.222120038325));
#4179=CARTESIAN_POINT('Ctrl Pts',(31.0873815572803,20.0747973395008,50.8501200383251));
#4180=CARTESIAN_POINT('Ctrl Pts',(30.9059792190602,19.7754693101947,50.9610209309755));
#4181=CARTESIAN_POINT('Ctrl Pts',(30.7555666129868,19.4567268772074,51.051645562173));
#4182=CARTESIAN_POINT('Ctrl Pts',(30.5339510392075,18.7631368774243,51.184527739792));
#4183=CARTESIAN_POINT('Ctrl Pts',(30.4705500242352,18.385737561511,51.222120038325));
#4184=CARTESIAN_POINT('Ctrl Pts',(30.4705500242352,18.,51.222120038325));
#4185=CARTESIAN_POINT('',(31.0873815572803,15.9252026604992,50.8501200383251));
#4186=CARTESIAN_POINT('Ctrl Pts',(30.4705500242352,18.,51.222120038325));
#4187=CARTESIAN_POINT('Ctrl Pts',(30.4705500242352,17.614262438489,51.222120038325));
#4188=CARTESIAN_POINT('Ctrl Pts',(30.5339510392075,17.2368631225757,51.184527739792));
#4189=CARTESIAN_POINT('Ctrl Pts',(30.7555666129868,16.5432731227926,51.051645562173));
#4190=CARTESIAN_POINT('Ctrl Pts',(30.9059792190602,16.2245306898053,50.9610209309755));
#4191=CARTESIAN_POINT('Ctrl Pts',(31.0873815572803,15.9252026604992,50.8501200383251));
#4192=CARTESIAN_POINT('',(31.0873815572803,0.,50.8501200383251));
#4193=CARTESIAN_POINT('',(6.27650737167233,34.6,59.2685874238061));
#4194=CARTESIAN_POINT('',(6.27650737167233,0.,59.2685874238061));
#4195=CARTESIAN_POINT('',(31.0873815572803,34.6,50.8501200383251));
#4196=CARTESIAN_POINT('Origin',(0.,34.6,0.));
#4197=CARTESIAN_POINT('',(31.0873815572803,0.,50.8501200383251));
#4198=CARTESIAN_POINT('Origin',(31.4789605289092,0.,50.850120038325));
#4199=CARTESIAN_POINT('',(46.1176632112079,20.0747973395008,50.8501200383247));
#4200=CARTESIAN_POINT('',(47.5176632112079,20.0747973395008,50.8501200383247));
#4201=CARTESIAN_POINT('',(46.1176632112079,34.6,50.8501200383247));
#4202=CARTESIAN_POINT('',(32.5769802644552,34.6,50.850120038325));
#4203=CARTESIAN_POINT('',(46.1176632112079,0.,50.8501200383247));
#4204=CARTESIAN_POINT('Origin',(31.4789605289092,0.,50.850120038325));
#4205=CARTESIAN_POINT('',(46.1176632112079,15.9252026604992,50.8501200383247));
#4206=CARTESIAN_POINT('',(47.5176632112079,15.9252026604992,50.8501200383247));
#4207=CARTESIAN_POINT('',(46.1176632112079,0.,50.8501200383247));
#4208=CARTESIAN_POINT('Origin',(0.,0.,0.));
#4209=CARTESIAN_POINT('',(58.6498081838296,24.3093022354913,-10.6));
#4210=CARTESIAN_POINT('',(57.3399993567524,34.6,-16.2568285273491));
#4211=CARTESIAN_POINT('Origin',(0.,5.02616579668717,0.));
#4212=CARTESIAN_POINT('',(46.1176632112062,34.6,-37.7534255391184));
#4213=CARTESIAN_POINT('Origin',(0.,34.6,0.));
#4214=CARTESIAN_POINT('',(46.1176632112062,0.,-37.7534255391184));
#4215=CARTESIAN_POINT('',(58.6498081838296,0.,-10.6));
#4216=CARTESIAN_POINT('Origin',(59.8080262172227,36.,-10.6));
#4217=CARTESIAN_POINT('',(59.6,24.3093022354913,-10.5999999999997));
#4218=CARTESIAN_POINT('',(60.4040131086114,24.3093022354913,-10.6));
#4219=CARTESIAN_POINT('',(59.6,36.,-10.6));
#4220=CARTESIAN_POINT('Origin',(0.,0.,0.));
#4221=CARTESIAN_POINT('',(58.6498081838296,11.6906977645087,10.6));
#4222=CARTESIAN_POINT('Origin',(0.,30.9738342033128,0.));
#4223=CARTESIAN_POINT('',(46.1176632112076,34.6,37.7534255391167));
#4224=CARTESIAN_POINT('',(46.1176632112076,0.,37.7534255391167));
#4225=CARTESIAN_POINT('',(58.6498081838295,34.6,10.6));
#4226=CARTESIAN_POINT('Origin',(0.,34.6,0.));
#4227=CARTESIAN_POINT('',(58.6498081838296,0.,10.6));
#4228=CARTESIAN_POINT('Origin',(61.,36.,10.6));
#4229=CARTESIAN_POINT('',(59.6,11.690697764509,10.6000000000003));
#4230=CARTESIAN_POINT('',(61.,11.6906977645087,10.6));
#4231=CARTESIAN_POINT('',(59.6,34.6,10.6));
#4232=CARTESIAN_POINT('',(47.3375,34.6,10.6));
#4233=CARTESIAN_POINT('',(59.6,36.,10.6));
#4234=CARTESIAN_POINT('Origin',(61.,18.5569074099029,6.82562322928356));
#4235=CARTESIAN_POINT('',(31.073363025497,17.8485817400551,7.21499205028496));
#4236=CARTESIAN_POINT('',(61.,17.8485817400551,7.21499205028496));
#4237=CARTESIAN_POINT('',(59.6,24.1726572736771,3.73862808485162));
#4238=CARTESIAN_POINT('',(59.6,29.2281413310524,0.95961279456195));
#4239=CARTESIAN_POINT('',(31.6801619320855,24.1726572736771,3.73862808485162));
#4240=CARTESIAN_POINT('',(61.,24.1726572736771,3.73862808485162));
#4241=CARTESIAN_POINT('Origin',(0.,30.9738342033128,0.));
#4242=CARTESIAN_POINT('Origin',(0.,0.,0.));
#4243=CARTESIAN_POINT('',(58.1491573102708,34.6,-13.0704056595573));
#4244=CARTESIAN_POINT('',(58.6498081838296,30.1104409470531,-10.6));
#4245=CARTESIAN_POINT('Origin',(0.,10.8466711377799,0.));
#4246=CARTESIAN_POINT('',(58.6498081838296,34.6,-10.6));
#4247=CARTESIAN_POINT('',(58.6498081838296,0.,-10.6));
#4248=CARTESIAN_POINT('Origin',(0.,34.6,0.));
#4249=CARTESIAN_POINT('Origin',(59.8080262172227,36.,-10.6));
#4250=CARTESIAN_POINT('',(59.6,30.1104409470531,-10.6));
#4251=CARTESIAN_POINT('',(60.4040131086114,30.1104409470531,-10.6));
#4252=CARTESIAN_POINT('',(59.6,34.6,-10.6));
#4253=CARTESIAN_POINT('',(59.6,36.,-10.6));
#4254=CARTESIAN_POINT('',(46.7415131086114,34.6,-10.6));
#4255=CARTESIAN_POINT('Origin',(0.,0.,0.));
#4256=CARTESIAN_POINT('',(58.6498081838296,5.89431219254909,10.6));
#4257=CARTESIAN_POINT('Origin',(0.,25.1580820018225,0.));
#4258=CARTESIAN_POINT('',(58.6498081838296,0.,10.6));
#4259=CARTESIAN_POINT('Origin',(61.,36.,10.6));
#4260=CARTESIAN_POINT('',(59.6,5.89431219254909,10.6));
#4261=CARTESIAN_POINT('',(61.,5.89431219254909,10.6));
#4262=CARTESIAN_POINT('',(59.6,36.,10.6));
#4263=CARTESIAN_POINT('Origin',(61.,18.7924262434004,-4.37219739196806));
#4264=CARTESIAN_POINT('',(47.3375,34.6,-13.0704056595573));
#4265=CARTESIAN_POINT('',(38.4,18.971405644324,-4.47068183548946));
#4266=CARTESIAN_POINT('',(38.4,17.5658672661439,-3.69727626865502));
#4267=CARTESIAN_POINT('',(59.6,18.971405644324,-4.47068183548946));
#4268=CARTESIAN_POINT('',(41.,18.971405644324,-4.47068183548946));
#4269=CARTESIAN_POINT('',(59.6,27.0074714596169,-8.89257321425265));
#4270=CARTESIAN_POINT('Origin',(61.,17.2123268962019,4.37219739196806));
#4271=CARTESIAN_POINT('',(59.6,15.0863956704198,5.54200326155659));
#4272=CARTESIAN_POINT('',(61.,15.0863956704198,5.54200326155659));
#4273=CARTESIAN_POINT('',(59.6,27.8804900669313,-1.49802067694259));
#4274=CARTESIAN_POINT('Origin',(61.,17.2123268962019,4.37219739196806));
#4275=CARTESIAN_POINT('',(59.6,22.2952375491001,1.57529660597628));
#4276=CARTESIAN_POINT('',(38.4,22.2952375491001,1.57529660597628));
#4277=CARTESIAN_POINT('',(41.,22.2952375491001,1.57529660597628));
#4278=CARTESIAN_POINT('',(38.4,24.240522438878,0.504892420513085));
#4279=CARTESIAN_POINT('',(38.4,18.4388858734584,3.69727626865502));
#4280=CARTESIAN_POINT('',(59.6,24.240522438878,0.504892420513085));
#4281=CARTESIAN_POINT('',(61.,24.240522438878,0.504892420513087));
#4282=CARTESIAN_POINT('',(59.6,27.8804900669313,-1.49802067694259));
#4283=CARTESIAN_POINT('Origin',(59.6,36.,-12.));
#4284=CARTESIAN_POINT('',(59.6,11.675924466378,3.47636396543335));
#4285=CARTESIAN_POINT('',(59.6,17.4905675236177,6.99815156408841));
#4286=CARTESIAN_POINT('',(59.6,11.8273427263229,-3.73862808485162));
#4287=CARTESIAN_POINT('',(59.6,11.9108348402771,-7.71697877161775));
#4288=CARTESIAN_POINT('',(59.6,25.6606144142835,-11.3428205022899));
#4289=CARTESIAN_POINT('Origin',(61.,17.4430925900971,-6.82562322928356));
#4290=CARTESIAN_POINT('',(47.3375,34.6,-16.2568285273491));
#4291=CARTESIAN_POINT('',(31.6801619320855,11.8273427263229,-3.73862808485162));
#4292=CARTESIAN_POINT('',(61.,11.8273427263229,-3.73862808485162));
#4293=CARTESIAN_POINT('',(31.073363025497,18.1514182599449,-7.21499205028496));
#4294=CARTESIAN_POINT('Origin',(0.,5.02616579668717,0.));
#4295=CARTESIAN_POINT('',(61.,18.1514182599449,-7.21499205028497));
#4296=CARTESIAN_POINT('Origin',(61.,23.6327094082693,-3.89510757917345));
#4297=CARTESIAN_POINT('',(31.7100125130823,24.324075533622,-3.47636396543335));
#4298=CARTESIAN_POINT('Origin',(0.,30.0637219574338,0.));
#4299=CARTESIAN_POINT('',(38.4,24.324075533622,-3.47636396543334));
#4300=CARTESIAN_POINT('',(61.,24.324075533622,-3.47636396543335));
#4301=CARTESIAN_POINT('',(38.4,22.4360975171333,-4.61986624056005));
#4302=CARTESIAN_POINT('Origin',(41.,18.,0.));
#4303=CARTESIAN_POINT('Origin',(38.4,18.,0.));
#4304=CARTESIAN_POINT('Origin',(59.6,18.,0.));
#4305=CARTESIAN_POINT('Origin',(38.4,18.0023765698012,-5.55111512312578E-16));
#4306=CARTESIAN_POINT('',(38.4,24.2189921340463,1.53079892781082));
#4307=CARTESIAN_POINT('Origin',(61.,12.3672905917307,3.89510757917345));
#4308=CARTESIAN_POINT('',(31.7100125130823,11.675924466378,3.47636396543335));
#4309=CARTESIAN_POINT('Origin',(0.,5.93627804256616,0.));
#4310=CARTESIAN_POINT('',(61.,11.675924466378,3.47636396543335));
#4311=CARTESIAN_POINT('Origin',(61.,11.8103831818278,-2.93051565011011));
#4312=CARTESIAN_POINT('Origin',(0.,11.7488815783072,0.));
#4313=CARTESIAN_POINT('Origin',(61.,24.1896168181722,2.93051565011011));
#4314=CARTESIAN_POINT('Origin',(0.,24.2511184216928,0.));
#4315=CARTESIAN_POINT('',(59.6,24.3488180620988,-4.6553310617985));
#4316=CARTESIAN_POINT('Origin',(59.6,36.,-12.));
#4317=CARTESIAN_POINT('',(59.6,34.6,-6.));
#4318=CARTESIAN_POINT('Origin',(10.9676632112057,17.95,-45.2501200383257));
#4319=CARTESIAN_POINT('',(2.75000000000043,17.95,-41.6501200383255));
#4320=CARTESIAN_POINT('Origin',(2.75000000000035,17.95,-45.2501200383255));
#4321=CARTESIAN_POINT('',(27.0676632112058,17.95,-41.6501200383261));
#4322=CARTESIAN_POINT('',(10.9676632112058,17.95,-41.6501200383257));
#4323=CARTESIAN_POINT('Origin',(27.0676632112057,17.95,-45.2501200383261));
#4324=CARTESIAN_POINT('Origin',(10.9676632112078,18.,45.2501200383255));
#4325=CARTESIAN_POINT('',(2.75000000000042,18.,48.8501200383257));
#4326=CARTESIAN_POINT('Origin',(2.75000000000034,18.,45.2501200383257));
#4327=CARTESIAN_POINT('',(27.0676632112079,18.,48.8501200383251));
#4328=CARTESIAN_POINT('',(10.9676632112079,18.,48.8501200383255));
#4329=CARTESIAN_POINT('Origin',(27.0676632112078,18.,45.2501200383251));
#4330=CARTESIAN_POINT('Origin',(1.35,0.,59.2685874238061));
#4331=CARTESIAN_POINT('',(2.75,34.6,59.2685874238061));
#4332=CARTESIAN_POINT('',(2.75,0.,59.2685874238061));
#4333=CARTESIAN_POINT('',(17.5125,34.6,59.2685874238061));
#4334=CARTESIAN_POINT('Origin',(2.75,0.,30.4701083030566));
#4335=CARTESIAN_POINT('',(2.75,34.6,31.7812444690261));
#4336=CARTESIAN_POINT('',(2.75,0.,31.7812444690261));
#4337=CARTESIAN_POINT('',(2.75,34.6,15.2350541515283));
#4338=CARTESIAN_POINT('Origin',(2.75,0.,-60.6685874238061));
#4339=CARTESIAN_POINT('',(2.75,34.6,-59.2685874238061));
#4340=CARTESIAN_POINT('',(2.75,0.,-59.2685874238061));
#4341=CARTESIAN_POINT('',(2.75,34.6,-31.7812444690261));
#4342=CARTESIAN_POINT('',(2.75,34.6,-30.334293711903));
#4343=CARTESIAN_POINT('',(2.75,0.,-31.7812444690261));
#4344=CARTESIAN_POINT('Origin',(6.35,0.,-59.2685874238061));
#4345=CARTESIAN_POINT('',(6.27650737167233,34.6,-59.2685874238061));
#4346=CARTESIAN_POINT('',(6.27650737167233,0.,-59.2685874238061));
#4347=CARTESIAN_POINT('',(20.0125,34.6,-59.2685874238061));
#4348=CARTESIAN_POINT('Origin',(47.5176632112078,18.,45.2501200383247));
#4349=CARTESIAN_POINT('',(27.0676632112079,18.,51.2221200383251));
#4350=CARTESIAN_POINT('Origin',(27.0676632112078,18.,45.2501200383251));
#4351=CARTESIAN_POINT('',(47.5176632112079,18.,51.2221200383247));
#4352=CARTESIAN_POINT('Origin',(46.1176632112078,18.,45.2501200383247));
#4353=CARTESIAN_POINT('Origin',(27.0676632112078,18.,45.2501200383251));
#4354=CARTESIAN_POINT('Origin',(47.5176632112057,23.3624355652982,-45.9501200383265));
#4355=CARTESIAN_POINT('',(46.1176632112059,23.766580753731,-45.2501200383265));
#4356=CARTESIAN_POINT('',(46.1176632112056,20.8832903768655,-50.2441254640319));
#4357=CARTESIAN_POINT('',(46.1176632112058,22.109230021921,-48.1207357117828));
#4358=CARTESIAN_POINT('',(27.0676632112056,20.8832903768655,-50.2441254640315));
#4359=CARTESIAN_POINT('',(47.5176632112056,20.8832903768655,-50.244125464032));
#4360=CARTESIAN_POINT('',(27.0676632112057,23.766580753731,-45.2501200383261));
#4361=CARTESIAN_POINT('',(27.0676632112057,22.8436855652982,-46.8486213947524));
#4362=CARTESIAN_POINT('',(47.5176632112057,23.766580753731,-45.2501200383265));
#4363=CARTESIAN_POINT('Origin',(47.5176632112058,21.2874355652982,-40.9561146126211));
#4364=CARTESIAN_POINT('',(46.1176632112061,20.8832903768655,-40.2561146126211));
#4365=CARTESIAN_POINT('',(46.1176632112063,18.0406411086754,-35.3325016520174));
#4366=CARTESIAN_POINT('',(27.0676632112058,20.8832903768655,-40.2561146126207));
#4367=CARTESIAN_POINT('',(27.0676632112058,21.8061855652982,-41.854615969047));
#4368=CARTESIAN_POINT('',(47.5176632112058,20.8832903768655,-40.2561146126211));
#4369=CARTESIAN_POINT('Origin',(47.5176632112058,15.925,-40.2561146126211));
#4370=CARTESIAN_POINT('',(46.1176632112061,15.1167096231345,-40.2561146126211));
#4371=CARTESIAN_POINT('',(46.1176632112061,7.96250000000001,-40.2561146126211));
#4372=CARTESIAN_POINT('',(27.0676632112058,15.1167096231345,-40.2561146126207));
#4373=CARTESIAN_POINT('',(27.0676632112058,16.9625,-40.2561146126207));
#4374=CARTESIAN_POINT('',(47.5176632112058,15.1167096231345,-40.2561146126211));
#4375=CARTESIAN_POINT('Origin',(47.5176632112057,12.6375644347018,-44.5501200383265));
#4376=CARTESIAN_POINT('',(46.1176632112059,12.2334192462691,-45.2501200383265));
#4377=CARTESIAN_POINT('',(46.1176632112059,12.4218588913246,-44.9237329989301));
#4378=CARTESIAN_POINT('',(27.0676632112057,12.2334192462691,-45.2501200383261));
#4379=CARTESIAN_POINT('',(27.0676632112057,13.1563144347018,-43.6516186818997));
#4380=CARTESIAN_POINT('',(47.5176632112057,12.2334192462691,-45.2501200383265));
#4381=CARTESIAN_POINT('Origin',(47.5176632112056,14.7125644347018,-49.544125464032));
#4382=CARTESIAN_POINT('',(46.1176632112056,15.1167096231345,-50.2441254640319));
#4383=CARTESIAN_POINT('',(46.117663211206,10.428269978079,-42.1235097905755));
#4384=CARTESIAN_POINT('',(27.0676632112056,15.1167096231345,-50.2441254640315));
#4385=CARTESIAN_POINT('',(27.0676632112056,14.1938144347018,-48.6456241076051));
#4386=CARTESIAN_POINT('',(47.5176632112056,15.1167096231345,-50.244125464032));
#4387=CARTESIAN_POINT('Origin',(47.5176632112056,20.075,-50.244125464032));
#4388=CARTESIAN_POINT('',(46.1176632112056,10.0375,-50.2441254640319));
#4389=CARTESIAN_POINT('',(27.0676632112056,19.0375,-50.2441254640315));
#4390=CARTESIAN_POINT('Origin',(27.0676632112057,18.,-45.2501200383261));
#4391=CARTESIAN_POINT('Origin',(47.5176632112056,0.,-50.8501200383264));
#4392=CARTESIAN_POINT('',(46.1176632112056,34.6,-50.8501200383264));
#4393=CARTESIAN_POINT('',(46.1176632112056,0.,-50.8501200383264));
#4394=CARTESIAN_POINT('',(31.0873815572787,34.6,-50.8501200383261));
#4395=CARTESIAN_POINT('',(40.5963316056022,34.6,-50.8501200383263));
#4396=CARTESIAN_POINT('',(31.0873815572787,0.,-50.8501200383261));
#4397=CARTESIAN_POINT('Origin',(46.1176632112062,0.,-38.2501200383264));
#4398=CARTESIAN_POINT('',(46.1176632112071,34.6,-19.1250600191635));
#4399=CARTESIAN_POINT('Origin',(46.1176632112079,0.,52.2501200383247));
#4400=CARTESIAN_POINT('',(46.1176632112073,34.6,26.1250600191622));
#4401=CARTESIAN_POINT('Origin',(0.,0.,0.));
#4402=CARTESIAN_POINT('Origin',(0.,34.6,0.));
#4403=CARTESIAN_POINT('Origin',(0.,0.,0.));
#4404=CARTESIAN_POINT('Origin',(0.,34.6,0.));
#4405=CARTESIAN_POINT('Origin',(33.675,34.6,0.));
#4406=UNCERTAINTY_MEASURE_WITH_UNIT(LENGTH_MEASURE(0.01),#4410,
'DISTANCE_ACCURACY_VALUE',
'Maximum model space distance between geometric entities at asserted c
onnectivities');
#4407=UNCERTAINTY_MEASURE_WITH_UNIT(LENGTH_MEASURE(0.01),#4410,
'DISTANCE_ACCURACY_VALUE',
'Maximum model space distance between geometric entities at asserted c
onnectivities');
#4408=(
GEOMETRIC_REPRESENTATION_CONTEXT(3)
GLOBAL_UNCERTAINTY_ASSIGNED_CONTEXT((#4406))
GLOBAL_UNIT_ASSIGNED_CONTEXT((#4410,#4412,#4413))
REPRESENTATION_CONTEXT('','3D')
);
#4409=(
GEOMETRIC_REPRESENTATION_CONTEXT(3)
GLOBAL_UNCERTAINTY_ASSIGNED_CONTEXT((#4407))
GLOBAL_UNIT_ASSIGNED_CONTEXT((#4410,#4412,#4413))
REPRESENTATION_CONTEXT('','3D')
);
#4410=(
LENGTH_UNIT()
NAMED_UNIT(*)
SI_UNIT(.MILLI.,.METRE.)
);
#4411=(
LENGTH_UNIT()
NAMED_UNIT(*)
SI_UNIT($,.METRE.)
);
#4412=(
NAMED_UNIT(*)
PLANE_ANGLE_UNIT()
SI_UNIT($,.RADIAN.)
);
#4413=(
NAMED_UNIT(*)
SI_UNIT($,.STERADIAN.)
SOLID_ANGLE_UNIT()
);
#4414=SHAPE_DEFINITION_REPRESENTATION(#4415,#4416);
#4415=PRODUCT_DEFINITION_SHAPE('',$,#4418);
#4416=SHAPE_REPRESENTATION('',(#2496),#4408);
#4417=PRODUCT_DEFINITION_CONTEXT('part definition',#4422,'design');
#4418=PRODUCT_DEFINITION('buoy version 16.5.3 eyeboltipt',
'buoy version 16.5.4 eyeboltipt v1',#4419,#4417);
#4419=PRODUCT_DEFINITION_FORMATION('',$,#4424);
#4420=PRODUCT_RELATED_PRODUCT_CATEGORY(
'buoy version 16.5.4 eyeboltipt v1','buoy version 16.5.4 eyeboltipt v1',
(#4424));
#4421=APPLICATION_PROTOCOL_DEFINITION('international standard',
'automotive_design',2009,#4422);
#4422=APPLICATION_CONTEXT(
'Core Data for Automotive Mechanical Design Process');
#4423=PRODUCT_CONTEXT('part definition',#4422,'mechanical');
#4424=PRODUCT('buoy version 16.5.3 eyeboltipt',
'buoy version 16.5.4 eyeboltipt v1',$,(#4423));
#4425=PRESENTATION_STYLE_ASSIGNMENT((#4426));
#4426=SURFACE_STYLE_USAGE(.BOTH.,#4427);
#4427=SURFACE_SIDE_STYLE('',(#4428));
#4428=SURFACE_STYLE_FILL_AREA(#4429);
#4429=FILL_AREA_STYLE('Default',(#4430));
#4430=FILL_AREA_STYLE_COLOUR('Default',#4431);
#4431=COLOUR_RGB('Default',0.749019607843137,0.749019607843137,0.749019607843137);
ENDSEC;
END-ISO-10303-21;
